sale_id,customer_id,product_id,quantity,unit_price,total_amount,discount,tax,sale_date,sale_channel,payment_method,created_at
1,607,63,3,305.97,891.72,36.05,9.86,2021-07-07,Reseller,Credit Card,2020-07-12 10:31:06
2,882,89,6,155.65,898.28,41.29,5.67,2023-12-21,Reseller,Cash,2022-09-04 21:07:32
3,5,17,7,194.19,1353.96,18.41,13.04,2023-11-25,Reseller,PayPal,2021-02-20 02:19:59
4,570,51,4,407.33,1592.0,38.43,1.11,2022-08-29,Reseller,Credit Card,2023-02-14 17:49:47
5,686,32,1,189.44,169.95,39.21,19.72,2022-03-24,Online,PayPal,2023-12-10 12:41:16
6,614,68,3,91.65,273.93,16.19,15.17,2021-06-08,Online,Cash,2021-01-21 01:47:58
7,489,96,10,215.86,2145.63,14.9,1.93,2021-04-01,Online,Cash,2020-02-05 04:58:06
8,773,85,6,404.78,2405.96,31.92,9.2,2021-09-03,Online,PayPal,2024-03-19 15:26:26
9,341,12,1,81.99,60.79,35.14,13.94,2022-07-04,Online,PayPal,2021-03-31 10:13:03
10,262,71,3,192.15,565.3,18.54,7.39,2024-02-23,In-Store,Bank Transfer,2023-02-19 20:57:25
11,620,92,1,407.24,371.75,40.74,5.25,2021-12-31,Online,Cash,2022-07-07 23:47:58
12,357,43,4,375.63,1472.43,37.61,7.52,2021-09-14,Reseller,Cash,2022-05-03 16:57:37
13,931,63,7,381.42,2678.67,6.2,14.93,2020-09-10,In-Store,Credit Card,2023-12-22 07:26:27
14,479,74,7,269.19,1855.48,31.37,2.52,2022-09-22,In-Store,Bank Transfer,2023-02-19 04:12:20
15,206,40,3,8.35,19.22,45.18,0.91,2023-07-17,In-Store,Bank Transfer,2024-01-14 03:54:03
16,765,60,10,32.33,310.43,23.66,10.79,2023-08-21,In-Store,Credit Card,2021-01-14 16:15:18
17,293,40,10,464.94,4647.12,11.52,9.24,2024-04-30,Reseller,Bank Transfer,2021-09-05 15:08:36
18,215,91,3,277.13,839.42,9.6,17.63,2024-04-29,Online,Cash,2024-04-15 06:46:03
19,728,9,5,31.91,173.55,4.18,18.18,2022-11-17,Online,PayPal,2021-06-03 20:05:10
20,805,76,5,202.87,995.79,30.86,12.3,2020-05-10,Online,Bank Transfer,2023-01-14 20:50:29
21,590,19,10,483.08,4819.57,17.63,6.4,2021-01-23,Reseller,Cash,2021-04-27 16:41:49
22,965,43,9,81.39,729.0,12.48,8.97,2020-05-12,Online,Bank Transfer,2021-11-03 19:35:17
23,993,68,8,82.83,642.54,32.13,12.03,2021-06-01,In-Store,Cash,2020-01-21 01:37:02
24,84,42,6,195.06,1166.18,12.81,8.63,2023-12-02,Online,Credit Card,2023-07-23 01:44:01
25,691,34,2,330.65,656.44,10.98,6.12,2022-03-24,Online,Bank Transfer,2022-11-13 03:29:32
26,727,9,3,91.18,242.73,47.56,16.75,2021-12-09,Reseller,PayPal,2021-04-01 03:17:59
27,18,8,4,117.24,485.19,0.05,16.28,2020-08-29,Reseller,Bank Transfer,2021-01-22 22:30:27
28,41,21,2,459.61,880.9,48.21,9.89,2021-07-13,Reseller,Bank Transfer,2020-06-14 23:10:44
29,374,96,10,213.58,2117.49,26.77,8.46,2020-02-28,Online,Bank Transfer,2020-01-16 10:09:14
30,648,85,8,166.71,1316.99,21.12,4.43,2020-08-21,Reseller,Credit Card,2023-07-25 23:22:36
31,932,46,1,235.55,213.38,32.87,10.7,2021-08-29,In-Store,Bank Transfer,2021-04-20 11:35:12
32,193,8,9,392.38,3504.74,36.96,10.28,2022-05-12,Online,Bank Transfer,2020-07-18 18:17:05
33,856,21,5,476.01,2361.13,22.63,3.71,2020-12-10,Online,Bank Transfer,2024-01-21 23:36:07
34,910,24,2,378.26,749.01,9.74,2.23,2021-07-24,Reseller,Cash,2021-03-15 02:45:30
35,320,100,3,321.36,949.99,17.7,3.61,2020-01-07,Reseller,Bank Transfer,2021-12-06 18:26:30
36,35,45,2,85.38,150.81,35.13,15.18,2023-07-07,Online,Credit Card,2022-07-14 15:52:13
37,224,59,10,162.72,1624.49,17.78,15.07,2021-04-02,In-Store,Credit Card,2022-02-06 08:28:45
38,661,54,7,261.79,1838.76,8.27,14.5,2023-08-17,In-Store,PayPal,2023-06-09 23:10:26
39,763,18,10,231.02,2309.94,10.38,10.12,2020-06-28,Online,Cash,2021-01-15 00:39:11
40,729,42,1,109.17,109.06,13.96,13.85,2022-11-22,Reseller,Credit Card,2023-12-13 06:41:47
41,383,32,4,198.96,782.98,18.41,5.55,2024-04-06,Online,Bank Transfer,2020-01-14 00:31:28
42,558,8,4,433.6,1747.43,0.47,13.5,2021-05-17,Online,PayPal,2023-07-25 03:15:13
43,198,40,3,436.52,1291.4,23.04,4.88,2024-02-27,Online,Bank Transfer,2024-04-11 10:54:41
44,203,23,3,192.83,536.07,43.21,0.79,2023-09-19,In-Store,Credit Card,2022-08-11 03:16:05
45,125,88,6,310.12,1863.97,16.58,19.83,2023-10-17,In-Store,Credit Card,2023-04-14 13:54:26
46,684,50,3,322.45,940.1,42.03,14.78,2023-07-18,Reseller,Bank Transfer,2022-06-20 01:27:33
47,755,68,5,391.31,1938.97,37.2,19.62,2020-07-08,Reseller,Credit Card,2024-05-07 16:16:41
48,970,9,5,13.18,62.7,13.87,10.67,2023-12-14,Reseller,Bank Transfer,2024-01-07 03:02:39
49,425,75,5,430.34,2152.9,1.32,2.52,2022-12-17,In-Store,Cash,2022-09-05 02:23:05
50,195,62,1,374.47,361.39,15.73,2.65,2021-07-12,Reseller,PayPal,2023-11-07 14:03:10
51,918,24,8,272.2,2176.76,3.16,2.32,2021-09-11,Reseller,PayPal,2021-09-24 07:51:49
52,984,38,2,94.12,184.23,23.44,19.43,2020-05-11,Online,PayPal,2022-01-28 17:18:53
53,781,26,8,24.28,178.74,25.22,9.72,2021-07-24,Online,Credit Card,2023-01-30 21:30:22
54,974,99,4,393.14,1575.29,15.82,18.55,2022-11-30,In-Store,Cash,2020-01-22 17:06:51
55,691,29,4,257.22,1024.57,8.24,3.93,2022-09-25,Online,Cash,2023-03-31 02:52:33
56,183,13,6,56.45,321.34,21.11,3.75,2021-04-15,Online,Credit Card,2022-01-24 01:09:40
57,426,35,8,22.06,167.66,26.76,17.94,2020-05-21,Online,Credit Card,2021-11-09 13:35:02
58,908,50,2,55.3,75.37,40.29,5.06,2020-08-15,In-Store,Cash,2022-07-04 00:29:50
59,13,54,9,360.69,3230.12,33.57,17.48,2024-03-12,Online,Credit Card,2023-07-22 23:57:46
60,478,37,4,103.0,419.1,12.61,19.71,2022-03-16,Reseller,Cash,2023-07-30 19:17:55
61,16,86,8,470.37,3754.82,11.89,3.75,2022-11-23,In-Store,Cash,2023-07-09 20:51:33
62,522,42,4,426.89,1701.32,19.95,13.71,2023-01-25,Reseller,Bank Transfer,2024-02-04 08:45:01
63,400,22,10,216.23,2144.83,17.77,0.3,2021-01-16,In-Store,Credit Card,2020-09-24 04:04:35
64,886,68,1,391.01,387.11,23.84,19.94,2024-05-28,Reseller,Bank Transfer,2022-06-15 10:34:38
65,874,21,3,316.23,918.64,38.85,8.8,2022-07-31,Reseller,Credit Card,2020-12-17 15:42:21
66,448,51,3,13.75,29.79,16.05,4.59,2023-11-14,Reseller,Bank Transfer,2023-02-11 16:52:56
67,846,96,4,434.32,1701.01,45.14,8.87,2023-05-02,Reseller,Bank Transfer,2024-02-16 16:38:58
68,848,57,2,475.32,915.14,47.79,12.29,2024-01-07,Reseller,PayPal,2020-05-10 03:24:25
69,308,74,2,247.36,504.68,8.33,18.29,2023-09-19,Online,PayPal,2020-09-23 20:16:22
70,704,93,4,467.63,1852.38,22.22,4.08,2022-01-24,Reseller,PayPal,2020-09-30 03:08:47
71,795,30,9,78.27,686.45,34.22,16.24,2022-12-04,Online,Credit Card,2022-11-29 21:54:44
72,961,18,4,459.51,1810.28,37.75,9.99,2020-09-29,Reseller,Bank Transfer,2023-05-19 16:02:24
73,21,16,1,497.26,467.99,36.51,7.24,2021-09-12,Reseller,PayPal,2023-03-29 02:50:38
74,751,91,9,286.85,2568.33,15.26,1.94,2022-01-15,Reseller,Cash,2024-01-18 10:56:37
75,919,66,3,40.5,75.12,47.05,0.67,2022-09-20,Online,PayPal,2023-12-28 02:59:34
76,36,21,9,148.01,1336.06,11.37,15.34,2020-12-23,In-Store,PayPal,2023-06-30 21:40:45
77,393,64,5,139.13,669.58,27.63,1.56,2022-01-31,In-Store,Cash,2024-03-15 14:50:21
78,585,22,3,489.19,1443.99,39.25,15.67,2020-11-07,Online,Credit Card,2021-11-03 21:31:24
79,161,78,7,9.24,70.22,1.52,7.06,2022-08-04,In-Store,Bank Transfer,2023-11-07 17:46:05
80,280,95,1,379.86,371.1,14.45,5.69,2022-02-21,Reseller,Bank Transfer,2022-04-23 03:14:15
81,107,75,9,132.36,1162.95,46.95,18.66,2023-01-02,Reseller,Credit Card,2020-07-22 03:02:11
82,121,44,10,496.22,4924.48,48.44,10.72,2022-07-16,Reseller,Cash,2021-10-04 10:03:53
83,678,95,9,283.39,2540.16,14.5,4.15,2021-04-27,In-Store,Bank Transfer,2022-03-07 20:06:53
84,271,75,10,148.09,1442.96,47.15,9.21,2023-03-04,Online,Credit Card,2022-09-11 21:23:25
85,455,76,3,111.83,318.49,26.35,9.35,2023-07-25,Reseller,Cash,2023-06-06 08:29:28
86,319,62,10,361.32,3616.74,14.01,17.55,2021-07-10,Reseller,Bank Transfer,2021-01-25 08:59:28
87,32,54,6,205.01,1231.49,3.16,4.59,2021-11-23,Reseller,Bank Transfer,2021-07-14 22:07:46
88,581,79,8,475.48,3786.31,31.13,13.6,2020-08-16,In-Store,Cash,2024-03-21 07:30:14
89,312,38,10,135.57,1344.27,29.47,18.04,2024-02-02,Online,Credit Card,2020-03-19 17:05:10
90,897,63,3,332.99,958.32,45.24,4.59,2021-11-21,Reseller,Credit Card,2023-07-31 13:58:19
91,163,76,7,269.21,1876.79,27.63,19.95,2024-03-28,Online,Credit Card,2024-06-16 02:07:04
92,782,65,7,320.49,2243.69,10.01,10.27,2021-04-24,Online,Bank Transfer,2023-12-16 06:32:01
93,838,76,7,130.77,906.15,28.86,19.62,2022-01-02,Reseller,Credit Card,2020-08-01 01:54:52
94,973,81,7,363.05,2528.1,21.08,7.83,2021-10-01,Reseller,Credit Card,2024-02-06 22:19:54
95,354,13,3,424.47,1243.97,48.47,19.03,2021-03-11,Online,Bank Transfer,2021-04-20 14:42:53
96,101,44,10,60.64,599.16,19.71,12.47,2024-02-14,Online,Bank Transfer,2021-09-12 16:23:39
97,169,4,9,191.67,1733.02,7.62,15.61,2023-06-19,Reseller,Credit Card,2023-07-11 21:52:43
98,15,89,6,198.29,1174.4,21.15,5.81,2023-01-29,Online,Cash,2020-03-25 16:34:51
99,105,1,8,402.67,3201.47,32.26,12.37,2023-10-12,In-Store,PayPal,2021-01-24 08:03:29
100,968,8,9,295.0,2621.5,37.82,4.32,2020-03-09,Online,Bank Transfer,2021-12-06 06:58:53
101,170,14,7,157.73,1075.71,47.94,19.54,2020-10-14,Online,Cash,2023-11-06 00:46:46
102,350,41,10,242.25,2396.23,41.52,15.25,2023-06-30,Online,PayPal,2022-04-12 07:52:24
103,836,79,9,164.39,1450.78,47.76,19.03,2022-02-21,Online,PayPal,2020-12-21 18:52:32
104,312,23,9,467.35,4195.52,22.43,11.8,2024-06-11,In-Store,Cash,2020-09-13 01:08:39
105,661,14,2,247.52,486.62,19.12,10.7,2020-06-05,Online,Credit Card,2020-04-25 22:36:08
106,714,23,4,257.83,1021.92,10.73,1.33,2023-05-13,Reseller,Bank Transfer,2021-08-21 21:17:27
107,107,42,3,33.88,113.16,1.15,12.67,2021-12-10,In-Store,Bank Transfer,2024-03-31 09:41:06
108,559,83,5,147.99,694.76,47.08,1.89,2023-01-28,Reseller,Credit Card,2023-08-04 22:21:41
109,812,66,8,113.28,878.06,44.23,16.05,2023-08-26,Reseller,Bank Transfer,2020-03-14 07:58:12
110,848,88,6,233.61,1387.79,15.82,1.95,2021-08-09,Online,Credit Card,2024-04-27 04:53:36
111,980,26,6,215.69,1270.01,39.38,15.25,2021-10-28,Online,Credit Card,2020-03-19 12:14:44
112,945,19,10,209.45,2099.71,12.54,17.75,2022-03-27,Online,Bank Transfer,2020-05-17 06:16:56
113,735,40,9,27.26,216.5,43.62,14.78,2023-03-31,Online,Bank Transfer,2022-10-08 04:11:50
114,462,18,2,14.5,16.6,18.58,6.18,2021-03-21,Online,PayPal,2023-12-20 20:45:21
115,841,91,4,175.24,691.24,26.21,16.49,2023-12-04,In-Store,Bank Transfer,2023-08-14 06:08:03
116,934,31,3,326.22,982.13,12.81,16.28,2021-02-08,Online,Bank Transfer,2023-01-20 01:51:03
117,178,67,1,336.66,307.19,34.21,4.74,2023-12-15,Online,PayPal,2021-01-05 01:18:02
118,733,80,5,64.09,282.37,41.99,3.91,2022-04-08,Online,PayPal,2021-04-21 13:30:06
119,120,35,2,302.01,591.0,13.72,0.7,2022-08-04,In-Store,Cash,2021-07-08 07:43:49
120,432,85,1,191.68,157.06,46.22,11.6,2024-02-14,Online,Bank Transfer,2024-06-02 13:15:25
121,929,17,2,418.16,831.53,8.97,4.18,2024-03-13,Reseller,Bank Transfer,2021-01-04 22:00:15
122,563,79,8,363.32,2872.08,39.8,5.32,2024-02-20,Reseller,Bank Transfer,2020-07-02 16:52:14
123,497,23,6,44.85,277.46,10.91,19.27,2022-12-06,In-Store,Bank Transfer,2021-03-18 15:44:04
124,394,84,8,497.98,3975.32,15.95,7.43,2024-06-10,In-Store,Cash,2020-05-10 00:53:04
125,63,32,10,381.45,3776.67,45.53,7.7,2020-08-16,Reseller,Credit Card,2020-12-13 19:28:29
126,943,34,7,40.44,251.55,47.47,15.94,2020-04-06,In-Store,Bank Transfer,2023-05-11 08:33:11
127,91,3,3,17.17,25.46,45.49,19.44,2021-08-06,In-Store,Cash,2024-04-29 22:28:52
128,686,22,8,424.59,3379.28,30.73,13.29,2022-12-24,Online,PayPal,2020-06-17 03:39:57
129,86,69,1,270.33,239.39,31.97,1.03,2021-01-23,Reseller,PayPal,2023-07-02 05:18:42
130,263,16,3,14.68,43.15,14.89,14.0,2021-05-09,Reseller,Cash,2020-01-27 04:19:37
131,566,6,1,36.61,14.61,25.27,3.27,2024-03-27,Reseller,Credit Card,2021-09-05 04:04:33
132,137,52,3,73.83,189.55,47.99,16.05,2022-08-07,In-Store,Credit Card,2023-12-15 18:02:00
133,708,67,5,62.11,296.86,22.77,9.08,2021-08-16,In-Store,Cash,2023-11-22 18:25:26
134,197,94,3,272.19,809.86,25.01,18.3,2020-03-14,Reseller,Cash,2021-08-12 08:54:00
135,917,37,3,463.69,1373.98,23.98,6.89,2020-01-03,Online,Credit Card,2024-04-09 00:53:09
136,646,87,1,102.47,95.65,11.28,4.46,2024-04-26,Reseller,Bank Transfer,2023-05-03 13:47:24
137,673,60,7,309.38,2177.14,6.38,17.86,2022-10-16,Reseller,Bank Transfer,2022-01-04 21:55:25
138,108,78,7,139.42,988.33,4.08,16.47,2021-02-17,Online,Cash,2022-06-01 23:42:08
139,102,46,3,307.0,912.38,18.85,10.23,2021-07-08,Reseller,Credit Card,2023-09-18 17:00:27
140,500,8,2,314.44,623.79,16.45,11.36,2024-02-06,Online,Credit Card,2021-10-20 12:33:26
141,412,96,2,126.18,219.69,35.5,2.83,2023-03-23,Reseller,PayPal,2021-10-14 11:06:49
142,187,73,10,180.34,1787.61,15.83,0.04,2020-07-09,Online,PayPal,2020-02-07 22:09:11
143,285,100,1,421.26,424.86,12.44,16.04,2022-01-07,Reseller,Credit Card,2022-06-05 00:20:09
144,494,26,1,474.57,441.73,33.93,1.09,2020-01-18,Online,PayPal,2022-10-09 15:01:07
145,541,33,5,324.57,1594.63,46.37,18.15,2023-04-10,Reseller,Bank Transfer,2020-01-13 12:03:03
146,5,16,7,329.71,2275.87,37.24,5.14,2022-06-06,Reseller,PayPal,2023-06-09 21:18:14
147,757,1,7,176.26,1230.63,16.13,12.94,2024-04-19,In-Store,PayPal,2024-01-11 04:49:16
148,144,91,5,330.87,1670.99,0.34,16.98,2020-02-24,In-Store,PayPal,2021-02-12 08:45:11
149,510,59,10,80.29,767.22,43.36,7.68,2023-02-26,In-Store,Credit Card,2022-04-03 14:29:31
150,55,75,6,94.07,517.43,47.87,0.88,2020-05-03,Reseller,PayPal,2021-05-14 14:53:24
151,302,70,10,457.21,4553.06,32.56,13.52,2022-01-12,Reseller,Credit Card,2021-02-28 17:58:06
152,874,38,1,425.79,405.09,31.19,10.49,2021-07-30,Online,Credit Card,2020-10-07 19:43:19
153,910,58,5,320.11,1562.68,44.3,6.43,2024-03-13,Reseller,Bank Transfer,2023-12-26 00:20:59
154,640,43,5,342.04,1680.23,37.31,7.34,2021-10-11,Online,PayPal,2023-12-01 07:47:12
155,829,96,6,37.57,221.66,13.52,9.76,2023-07-13,In-Store,Cash,2022-07-04 19:43:48
156,889,12,3,282.0,857.71,6.1,17.81,2022-07-03,Reseller,PayPal,2024-05-31 09:38:04
157,333,12,7,413.38,2875.18,31.41,12.93,2020-03-01,In-Store,Cash,2021-10-23 10:07:42
158,667,96,10,174.4,1736.22,23.54,15.76,2024-06-17,In-Store,Cash,2023-10-23 18:18:56
159,186,79,2,410.28,827.62,3.6,10.66,2021-05-21,Reseller,Bank Transfer,2021-01-29 11:16:43
160,677,82,1,329.58,324.28,7.28,1.98,2020-04-14,Online,PayPal,2023-05-08 06:42:52
161,457,94,1,437.59,420.64,24.02,7.07,2022-06-29,Reseller,PayPal,2022-01-07 20:28:14
162,572,2,7,103.02,711.01,13.76,3.63,2022-07-09,Online,PayPal,2021-01-04 16:01:16
163,162,15,10,257.25,2582.31,5.68,15.49,2021-08-14,Reseller,Cash,2020-05-16 14:31:21
164,338,92,4,307.66,1240.1,4.4,13.86,2023-01-31,Online,Credit Card,2024-04-05 14:41:52
165,337,26,3,309.4,944.88,3.2,19.88,2022-11-28,Online,Credit Card,2022-01-05 04:07:52
166,656,35,3,299.71,910.23,5.69,16.79,2022-08-05,Online,Cash,2023-08-21 10:36:03
167,145,49,4,190.54,763.3,7.64,8.78,2022-06-22,In-Store,Credit Card,2022-10-07 01:05:35
168,388,57,7,243.43,1714.91,8.49,19.39,2021-10-21,Online,Bank Transfer,2021-05-08 21:05:17
169,162,42,3,237.38,671.83,49.25,8.94,2020-05-16,Reseller,Cash,2022-04-04 12:09:42
170,289,31,5,440.47,2162.59,41.96,2.2,2024-02-12,In-Store,Credit Card,2023-01-06 17:18:59
171,125,17,6,52.5,323.54,8.85,17.39,2023-03-30,Reseller,Credit Card,2021-10-13 01:48:16
172,248,58,1,269.57,229.03,48.73,8.19,2020-12-18,In-Store,PayPal,2020-04-13 15:19:04
173,221,69,9,148.61,1299.94,44.18,6.63,2023-12-12,Online,Credit Card,2020-07-15 06:32:30
174,469,54,1,210.31,204.63,18.77,13.09,2022-05-22,In-Store,Cash,2024-05-20 22:59:44
175,556,27,2,264.22,505.68,24.76,2.0,2020-02-27,Online,PayPal,2021-07-04 04:39:56
176,143,32,1,462.12,431.37,34.3,3.55,2024-03-07,Reseller,Credit Card,2022-01-02 09:16:39
177,211,30,5,250.9,1221.43,35.96,2.89,2022-10-12,Online,PayPal,2023-12-01 04:26:38
178,873,70,8,17.73,129.77,21.97,9.9,2020-11-03,Reseller,Credit Card,2022-07-29 17:41:35
179,541,53,3,250.07,735.9,23.53,9.22,2022-08-21,Online,Bank Transfer,2020-10-08 19:49:48
180,380,90,10,312.66,3127.41,0.61,1.42,2020-04-21,Online,Cash,2022-07-30 19:21:55
181,994,62,7,206.81,1449.6,2.35,4.28,2021-12-28,Online,PayPal,2024-02-19 07:23:41
182,200,17,9,364.49,3252.21,40.61,12.41,2022-08-16,In-Store,PayPal,2020-10-11 03:30:51
183,289,37,8,451.39,3611.12,12.21,12.21,2022-10-12,Online,Cash,2022-01-09 07:31:21
184,589,65,5,437.02,2158.31,37.78,10.99,2022-11-11,In-Store,Credit Card,2023-05-20 02:21:17
185,173,57,5,395.73,1937.49,42.47,1.31,2023-02-08,Online,Bank Transfer,2021-11-10 14:24:09
186,158,4,10,348.35,3479.88,8.99,5.37,2021-07-17,In-Store,Bank Transfer,2023-07-05 10:59:31
187,186,34,3,20.32,49.31,26.11,14.46,2021-04-29,In-Store,Bank Transfer,2020-01-12 01:37:10
188,823,77,3,388.67,1162.12,4.29,0.4,2021-05-30,In-Store,PayPal,2023-05-19 12:47:53
189,89,96,4,140.28,535.48,26.45,0.81,2021-02-05,Reseller,Credit Card,2022-10-25 21:53:45
190,985,21,5,251.75,1236.4,23.7,1.35,2020-01-07,Reseller,Bank Transfer,2023-03-12 15:25:19
191,677,37,5,340.6,1695.5,17.53,10.03,2022-10-19,Online,Cash,2024-06-14 15:19:19
192,198,79,10,95.01,946.45,11.51,7.86,2020-01-09,In-Store,Cash,2023-02-07 05:25:16
193,758,70,10,140.8,1378.4,30.87,1.27,2020-04-01,Online,PayPal,2022-03-29 08:24:05
194,414,54,10,329.48,3280.78,15.37,1.35,2020-06-22,In-Store,Cash,2024-05-12 06:33:25
195,304,43,3,16.5,51.35,7.92,9.77,2024-02-07,Online,Credit Card,2022-07-15 10:27:42
196,814,8,7,138.63,969.43,3.54,2.56,2020-10-28,Reseller,Credit Card,2022-01-03 11:53:21
197,793,18,1,378.12,351.47,43.12,16.47,2022-08-28,In-Store,Bank Transfer,2022-03-22 20:35:57
198,28,19,1,250.93,258.73,2.67,10.47,2022-06-21,Reseller,PayPal,2020-06-14 22:49:05
199,75,37,8,70.54,568.4,7.78,11.86,2021-05-11,In-Store,PayPal,2021-05-02 08:06:26
200,288,77,1,167.94,153.23,23.82,9.11,2021-01-29,Online,Bank Transfer,2023-02-13 08:56:08
201,474,55,4,252.42,973.8,47.24,11.36,2024-01-18,Reseller,Cash,2021-01-14 07:59:13
202,826,21,10,494.95,4945.82,8.91,5.23,2021-11-22,Reseller,Cash,2022-12-10 05:29:54
203,181,1,3,381.11,1119.54,42.59,18.8,2021-07-01,Online,PayPal,2021-08-09 22:00:01
204,829,69,9,460.92,4142.44,10.65,4.81,2023-11-20,In-Store,Cash,2021-04-22 23:34:51
205,629,94,8,141.97,1103.58,44.58,12.4,2023-11-19,Online,Bank Transfer,2022-09-10 10:05:29
206,903,35,1,249.34,251.91,13.32,15.89,2024-02-10,Reseller,PayPal,2020-04-17 02:12:32
207,863,49,7,423.81,2979.36,2.38,15.07,2022-07-28,Reseller,Cash,2023-09-29 21:09:57
208,512,25,7,418.38,2922.94,21.3,15.58,2022-12-05,In-Store,Credit Card,2023-02-19 21:02:48
209,741,47,3,474.07,1403.12,19.27,0.18,2021-09-15,Online,Credit Card,2023-12-18 17:39:03
210,330,14,6,319.87,1921.42,11.8,14.0,2020-06-30,In-Store,PayPal,2022-10-29 14:44:37
211,908,75,9,456.21,4087.86,28.96,10.93,2022-02-25,Reseller,Credit Card,2022-11-30 05:33:04
212,873,31,3,473.62,1404.18,35.39,18.71,2024-03-10,In-Store,PayPal,2023-09-24 08:35:52
213,704,41,6,85.57,499.58,16.16,2.32,2023-03-20,In-Store,Credit Card,2022-01-24 08:40:42
214,155,45,5,178.42,874.13,30.11,12.14,2022-12-24,In-Store,Cash,2023-04-24 20:41:42
215,47,19,10,48.97,479.43,14.27,4.0,2022-06-15,Online,Bank Transfer,2022-07-06 18:20:10
216,297,32,1,235.07,234.01,19.08,18.02,2020-05-03,Online,Credit Card,2021-03-19 21:23:27
217,910,26,6,60.15,349.95,12.23,1.28,2021-04-03,Online,PayPal,2023-07-25 12:17:34
218,141,95,8,415.42,3299.66,28.02,4.32,2022-12-14,In-Store,Credit Card,2024-06-08 19:35:53
219,938,88,7,274.19,1923.98,11.83,16.48,2020-08-22,In-Store,Credit Card,2020-09-26 09:43:51
220,500,71,3,338.66,1015.65,8.49,8.16,2023-12-02,In-Store,Cash,2020-08-06 09:39:49
221,2,73,2,18.82,12.21,45.42,19.99,2020-09-14,In-Store,Bank Transfer,2020-08-09 10:51:10
222,576,2,2,328.69,652.73,6.82,2.17,2021-01-26,Online,Cash,2021-01-20 02:16:39
223,254,72,8,109.13,844.15,45.47,16.58,2020-11-17,In-Store,Bank Transfer,2021-07-13 10:02:31
224,68,96,2,396.81,793.19,3.2,2.77,2020-08-29,Reseller,Credit Card,2020-05-22 16:06:55
225,990,75,3,7.24,3.77,30.63,12.68,2022-01-07,Reseller,Bank Transfer,2020-11-17 06:01:23
226,418,9,8,57.96,425.87,49.99,12.18,2022-02-13,Online,PayPal,2023-10-31 21:52:14
227,950,16,1,118.32,108.28,27.15,17.11,2023-08-11,In-Store,PayPal,2021-09-19 04:30:56
228,669,49,7,394.12,2760.75,2.02,3.93,2020-08-27,In-Store,Bank Transfer,2021-05-08 23:19:10
229,362,16,2,475.35,931.63,38.09,19.02,2020-11-30,Reseller,Credit Card,2023-01-30 17:23:32
230,581,45,4,169.79,673.22,23.26,17.32,2020-05-07,Reseller,Credit Card,2022-05-09 10:07:40
231,652,27,10,354.67,3528.91,35.87,18.08,2024-01-09,In-Store,Bank Transfer,2022-02-13 05:53:31
232,253,38,6,103.16,590.61,33.34,4.99,2020-12-11,In-Store,Credit Card,2022-04-27 00:45:52
233,841,76,10,21.74,201.49,34.46,18.55,2020-08-11,Reseller,Cash,2021-10-22 13:31:37
234,982,24,5,264.44,1276.4,45.98,0.18,2023-10-08,Reseller,Credit Card,2020-05-29 03:01:59
235,337,56,1,475.11,459.21,23.22,7.32,2023-01-11,In-Store,Credit Card,2020-06-03 03:48:02
236,109,80,5,145.99,683.48,48.25,1.78,2021-12-04,Online,Credit Card,2022-03-30 07:45:02
237,309,49,8,78.24,618.84,12.23,5.15,2020-05-15,In-Store,Cash,2022-09-26 01:51:24
238,710,30,2,106.99,185.58,41.03,12.63,2022-06-02,Reseller,Bank Transfer,2021-04-24 06:30:54
239,614,81,10,316.17,3150.06,28.0,16.36,2020-09-29,In-Store,Bank Transfer,2022-01-15 05:36:24
240,209,70,4,483.78,1905.96,31.73,2.57,2023-01-30,Online,Cash,2022-04-06 15:29:25
241,301,82,10,354.53,3539.4,12.65,6.75,2024-03-01,Reseller,PayPal,2023-06-12 11:43:01
242,994,2,2,168.86,321.75,27.81,11.84,2020-11-27,In-Store,Cash,2024-01-17 07:31:45
243,840,46,10,200.44,2001.66,12.99,10.25,2020-08-25,Online,Credit Card,2024-03-31 04:35:56
244,606,94,6,134.53,802.11,23.24,18.17,2021-03-20,In-Store,Credit Card,2022-11-29 04:53:13
245,659,66,8,389.76,3110.25,19.81,11.98,2023-05-20,Online,Cash,2022-07-26 16:25:04
246,402,64,7,493.37,3422.16,31.6,0.17,2020-04-13,In-Store,Credit Card,2020-08-27 00:47:26
247,611,56,1,457.79,432.01,35.87,10.09,2020-02-29,Online,PayPal,2021-05-29 15:41:33
248,122,56,1,223.73,220.48,13.68,10.43,2021-06-17,Online,PayPal,2020-06-14 12:50:14
249,858,86,8,7.42,63.64,10.35,14.63,2024-02-19,Online,PayPal,2024-04-09 20:13:16
250,303,13,6,488.54,2905.59,30.36,4.71,2021-08-14,Online,PayPal,2021-02-19 10:31:22
251,491,68,5,198.96,992.54,5.17,2.91,2020-09-27,In-Store,Bank Transfer,2022-01-13 08:42:25
252,892,19,1,217.42,180.82,38.84,2.24,2024-04-21,In-Store,Cash,2021-06-20 22:09:07
253,161,15,7,482.7,3347.81,47.81,16.72,2021-01-12,Reseller,Bank Transfer,2023-09-25 22:13:40
254,432,95,1,381.23,348.64,44.25,11.66,2023-09-01,In-Store,Cash,2022-05-08 14:27:56
255,491,10,9,133.36,1200.92,4.8,5.48,2023-09-22,Reseller,Bank Transfer,2020-07-18 05:27:36
256,768,57,4,130.66,508.8,27.18,13.34,2023-02-22,Reseller,Bank Transfer,2020-12-08 20:01:41
257,282,26,7,459.76,3189.23,40.05,10.96,2020-01-27,In-Store,Bank Transfer,2022-06-18 19:15:13
258,290,52,4,168.11,682.37,1.04,10.97,2021-02-06,In-Store,PayPal,2022-07-24 22:57:19
259,257,39,2,291.86,570.66,30.65,17.59,2022-10-30,In-Store,Cash,2022-06-26 03:47:31
260,911,82,7,346.52,2436.64,3.14,14.14,2020-05-23,Reseller,Credit Card,2023-04-17 07:03:35
261,168,68,8,225.61,1803.2,21.17,19.49,2020-04-06,Reseller,PayPal,2024-05-18 07:33:28
262,861,34,5,408.51,2040.85,6.64,4.94,2022-01-06,Reseller,PayPal,2024-05-19 16:36:34
263,156,71,5,263.19,1293.36,41.15,18.56,2021-05-04,In-Store,Cash,2020-05-30 05:32:26
264,143,38,8,162.51,1266.2,49.85,15.97,2023-01-11,Online,PayPal,2020-04-19 18:19:34
265,915,83,10,169.54,1679.02,16.96,0.58,2020-05-02,Online,PayPal,2020-06-26 15:46:20
266,514,26,6,468.29,2801.73,14.37,6.36,2022-07-10,Online,Credit Card,2020-01-13 10:02:59
267,751,39,3,315.6,945.97,5.88,5.05,2023-05-19,Reseller,PayPal,2020-12-17 11:21:47
268,151,91,10,10.99,97.41,32.33,19.84,2021-10-15,Reseller,Bank Transfer,2022-06-07 05:04:11
269,960,40,6,239.18,1409.75,38.06,12.73,2020-04-04,Reseller,Bank Transfer,2021-03-31 05:36:53
270,967,8,1,55.48,36.51,38.92,19.95,2023-02-22,In-Store,Credit Card,2021-08-27 12:28:26
271,915,90,3,26.9,38.45,44.16,1.91,2023-06-13,Online,Cash,2021-12-31 18:06:22
272,983,36,10,279.39,2768.95,27.52,2.57,2020-03-05,Reseller,Credit Card,2020-05-07 06:43:06
273,433,65,8,184.04,1454.44,28.29,10.41,2020-08-31,Reseller,PayPal,2022-04-17 05:58:19
274,956,15,9,364.55,3294.6,4.67,18.32,2023-04-23,Online,Credit Card,2020-03-14 21:51:48
275,700,34,5,98.37,455.88,48.59,12.62,2023-10-22,Reseller,Credit Card,2021-04-02 00:51:25
276,164,11,8,106.79,828.18,42.12,15.98,2022-07-13,In-Store,Cash,2024-03-12 12:13:25
277,144,51,3,338.84,1004.29,21.72,9.49,2022-02-19,In-Store,Bank Transfer,2023-11-20 03:48:11
278,851,45,8,76.58,593.86,38.72,19.94,2020-09-26,Reseller,PayPal,2024-01-05 20:55:30
279,517,38,1,170.34,150.75,31.73,12.14,2023-10-21,In-Store,Bank Transfer,2021-05-13 15:44:33
280,51,12,2,183.63,347.5,37.44,17.68,2020-08-21,Reseller,Cash,2023-12-05 22:43:08
281,132,91,7,385.04,2693.89,11.49,10.1,2024-05-13,In-Store,PayPal,2021-03-04 05:06:09
282,780,20,4,21.67,49.31,47.74,10.37,2024-02-08,Reseller,Cash,2023-05-28 11:49:23
283,427,19,5,172.97,877.64,5.01,17.8,2021-09-22,Reseller,PayPal,2022-09-13 08:06:41
284,246,56,7,148.05,991.97,48.59,4.21,2021-11-03,In-Store,Credit Card,2023-03-19 04:59:07
285,594,82,8,423.17,3380.18,7.28,2.1,2022-05-09,Reseller,Cash,2020-09-03 00:19:48
286,613,25,3,394.49,1158.51,39.64,14.68,2024-01-02,Online,PayPal,2021-09-22 00:19:54
287,536,13,10,366.08,3655.23,23.66,18.09,2023-01-09,Online,PayPal,2020-04-05 20:49:25
288,494,33,3,278.45,790.03,48.75,3.43,2024-03-09,In-Store,Cash,2023-08-05 13:31:24
289,738,3,1,465.42,437.71,28.39,0.68,2024-05-08,Reseller,Credit Card,2023-10-29 18:51:41
290,647,78,1,480.09,488.02,0.25,8.18,2023-06-26,Reseller,Bank Transfer,2021-04-27 10:09:35
291,406,90,1,259.13,258.66,17.41,16.94,2023-01-12,In-Store,Cash,2023-11-12 12:15:20
292,56,21,6,492.9,2921.48,44.05,8.13,2021-08-31,Reseller,Bank Transfer,2022-02-17 00:38:58
293,357,91,5,418.23,2098.74,8.39,15.98,2021-05-26,Reseller,Bank Transfer,2021-05-08 19:43:30
294,752,34,6,467.74,2785.2,40.74,19.5,2023-10-18,Online,PayPal,2021-10-12 04:47:58
295,875,59,2,130.23,226.09,38.58,4.21,2020-08-16,In-Store,Bank Transfer,2023-11-27 12:36:41
296,432,45,9,205.75,1820.36,42.06,10.67,2024-03-23,Reseller,PayPal,2021-10-16 13:50:28
297,488,38,3,374.62,1092.65,44.88,13.67,2020-10-26,In-Store,Credit Card,2022-01-09 19:02:01
298,337,38,6,204.51,1197.65,29.98,0.57,2023-08-26,In-Store,PayPal,2021-05-11 16:20:24
299,152,96,6,262.75,1549.95,30.95,4.4,2022-12-21,In-Store,Bank Transfer,2021-05-01 08:16:16
300,827,14,4,410.01,1642.95,15.74,18.65,2021-02-02,In-Store,Cash,2022-07-30 04:30:33
301,963,60,10,131.47,1294.67,25.75,5.72,2024-04-04,In-Store,Cash,2023-12-19 01:13:35
302,120,33,5,151.25,742.43,19.6,5.78,2020-12-31,Online,Bank Transfer,2024-02-28 18:52:05
303,509,54,6,300.7,1797.0,26.14,18.94,2022-06-21,Reseller,Bank Transfer,2023-02-07 17:08:45
304,736,23,5,344.19,1687.95,47.14,14.14,2021-02-03,Online,Cash,2023-05-15 19:57:36
305,510,82,4,253.43,1025.24,0.61,12.13,2022-08-17,Online,PayPal,2023-08-14 11:42:40
306,324,87,7,336.56,2332.93,31.55,8.56,2020-12-05,In-Store,PayPal,2022-03-11 04:09:47
307,984,70,1,428.67,412.04,27.34,10.71,2020-08-04,Reseller,Cash,2023-11-30 15:06:20
308,342,100,1,49.92,18.88,45.37,14.33,2020-08-05,Reseller,PayPal,2023-06-07 14:49:42
309,150,24,4,436.82,1745.19,10.12,8.03,2021-10-21,Reseller,Bank Transfer,2020-04-23 16:49:42
310,928,56,1,328.7,326.74,20.99,19.03,2024-02-05,In-Store,PayPal,2021-06-14 11:03:17
311,262,79,8,80.9,637.75,14.54,5.09,2023-06-11,Online,Credit Card,2021-01-28 11:40:11
312,455,16,10,201.03,1974.9,45.05,9.65,2024-04-24,Online,PayPal,2023-09-29 15:27:11
313,820,3,1,88.63,73.97,19.5,4.84,2024-02-13,In-Store,PayPal,2020-11-29 07:27:14
314,867,88,9,94.47,817.94,44.1,11.81,2020-10-20,Online,PayPal,2020-07-16 19:55:14
315,414,49,8,307.87,2438.84,37.93,13.81,2022-05-03,Online,Credit Card,2021-06-16 10:12:27
316,417,37,8,366.71,2925.38,10.0,1.7,2022-07-28,Reseller,PayPal,2024-02-19 20:31:34
317,723,74,3,441.63,1303.52,36.53,15.16,2024-02-12,Online,Credit Card,2023-06-07 21:44:41
318,965,16,7,121.29,857.18,1.4,9.55,2023-06-28,Online,Credit Card,2024-02-17 03:14:12
319,753,94,8,107.4,833.18,28.42,2.4,2020-04-02,Online,Credit Card,2022-12-12 13:14:06
320,795,61,5,326.36,1600.04,34.66,2.9,2020-01-31,In-Store,Cash,2023-06-20 15:34:47
321,816,84,4,350.89,1394.08,10.57,1.09,2021-10-22,Reseller,PayPal,2021-02-21 02:02:28
322,940,24,1,383.41,359.05,39.32,14.96,2022-02-02,In-Store,Cash,2021-06-27 19:59:24
323,293,43,2,381.63,735.6,38.22,10.56,2020-02-20,Reseller,Cash,2023-11-09 19:55:51
324,644,12,2,375.67,714.77,49.47,12.9,2021-09-27,Online,PayPal,2022-06-11 09:50:28
325,295,41,8,479.77,3840.87,6.24,8.95,2021-06-25,Online,PayPal,2020-03-17 20:18:45
326,558,60,7,189.86,1292.34,49.89,13.21,2024-02-24,Online,PayPal,2020-11-05 06:08:07
327,540,24,7,440.99,3095.89,1.59,10.55,2020-12-26,In-Store,Bank Transfer,2020-11-16 12:06:19
328,138,24,8,128.23,1011.29,18.31,3.76,2020-04-17,Reseller,PayPal,2021-09-13 03:49:38
329,846,37,3,10.26,25.77,10.98,5.97,2024-02-22,Online,Credit Card,2022-05-09 09:44:08
330,118,16,7,292.86,2032.18,29.7,11.86,2021-07-10,In-Store,PayPal,2023-04-24 17:29:58
331,553,8,2,147.45,273.58,37.15,15.83,2021-03-12,In-Store,Bank Transfer,2020-09-17 10:25:10
332,599,29,10,363.05,3614.6,33.14,17.24,2021-06-18,Reseller,Bank Transfer,2020-02-23 19:55:01
333,242,37,3,82.53,239.99,19.89,12.29,2021-06-17,In-Store,PayPal,2023-01-16 23:03:18
334,197,56,7,447.46,3117.73,27.99,13.5,2022-12-18,Online,Bank Transfer,2022-04-21 04:25:47
335,911,97,5,177.1,872.42,21.6,8.52,2023-11-04,In-Store,Cash,2021-07-20 12:00:32
336,29,13,9,338.09,3008.05,48.1,13.34,2022-02-26,In-Store,Cash,2022-04-14 10:00:06
337,802,26,2,330.12,626.0,48.89,14.65,2021-12-03,In-Store,Credit Card,2022-05-12 07:46:05
338,703,94,10,387.82,3841.46,39.16,2.42,2023-01-14,Online,Cash,2021-07-21 22:01:55
339,91,44,9,421.38,3789.09,19.45,16.12,2024-06-08,Reseller,Cash,2020-11-04 17:54:50
340,63,13,3,222.34,657.01,11.78,1.77,2023-10-17,In-Store,Bank Transfer,2023-07-18 08:10:51
341,119,32,3,30.06,74.93,29.76,14.51,2024-01-14,Online,PayPal,2021-02-19 17:39:32
342,33,15,7,409.83,2854.1,24.6,9.89,2023-04-30,Online,Bank Transfer,2024-01-04 19:00:42
343,210,78,9,192.21,1697.23,45.41,12.75,2021-04-18,Reseller,Bank Transfer,2024-01-13 20:46:46
344,428,80,6,118.52,703.57,7.83,0.28,2021-08-10,Online,Bank Transfer,2021-02-21 23:31:41
345,283,84,6,337.69,2009.57,35.71,19.14,2021-01-15,Reseller,Credit Card,2021-07-16 10:29:00
346,892,14,3,351.63,1033.53,22.66,1.3,2021-01-23,Online,PayPal,2022-09-13 14:44:04
347,532,63,2,60.97,127.17,1.52,6.75,2020-12-14,Online,Credit Card,2020-12-14 23:48:14
348,910,27,6,139.83,848.12,4.56,13.7,2021-11-24,Reseller,Bank Transfer,2020-08-24 06:13:16
349,907,10,2,215.72,417.72,18.76,5.04,2020-10-29,Reseller,Cash,2023-10-06 06:43:19
350,547,67,8,385.78,3101.24,2.19,17.19,2024-04-02,Reseller,PayPal,2021-02-03 22:45:27
351,877,39,9,392.75,3495.54,41.45,2.24,2020-08-08,Reseller,PayPal,2021-06-09 00:49:19
352,296,83,4,138.66,545.39,15.67,6.42,2023-02-26,Reseller,PayPal,2021-03-23 20:38:33
353,860,45,1,187.94,176.97,25.33,14.36,2023-09-22,Reseller,PayPal,2024-05-02 12:07:00
354,775,4,2,424.16,819.27,30.06,1.01,2023-10-11,In-Store,Bank Transfer,2021-09-20 13:07:28
355,605,43,10,381.31,3779.25,42.01,8.16,2022-07-28,Online,Credit Card,2021-09-24 07:17:31
356,488,34,10,148.8,1476.07,31.0,19.07,2022-02-26,Reseller,PayPal,2021-10-22 11:18:50
357,398,28,2,124.84,228.13,30.21,8.66,2022-02-14,In-Store,Credit Card,2021-07-22 20:07:17
358,471,86,2,256.43,510.99,19.42,17.55,2022-10-08,Online,Credit Card,2021-07-07 03:34:00
359,712,74,4,42.29,123.31,46.9,1.05,2023-08-04,Online,Cash,2024-03-07 01:41:42
360,521,47,6,80.35,466.34,22.86,7.1,2024-02-12,Online,Cash,2023-07-23 03:00:07
361,586,66,8,8.63,30.71,48.41,10.08,2021-10-28,Reseller,Credit Card,2024-02-19 07:21:53
362,842,46,1,50.4,32.88,33.97,16.45,2020-01-06,Reseller,Cash,2024-06-13 21:47:04
363,315,70,5,256.37,1266.98,20.93,6.06,2021-04-18,In-Store,Bank Transfer,2022-06-03 19:44:43
364,432,54,2,480.58,944.2,33.68,16.72,2023-08-29,Online,Credit Card,2023-03-26 18:03:22
365,214,37,3,473.39,1393.47,43.9,17.2,2021-05-23,In-Store,Credit Card,2020-04-14 17:44:39
366,882,71,10,333.9,3332.02,13.3,6.32,2022-06-29,Online,Bank Transfer,2021-04-09 03:37:06
367,960,7,3,469.7,1376.1,45.53,12.53,2020-08-26,Reseller,PayPal,2021-01-02 03:08:49
368,737,94,3,12.36,12.71,35.1,10.73,2022-01-25,In-Store,PayPal,2021-07-16 19:47:51
369,564,75,10,155.09,1557.74,0.23,7.07,2020-01-07,In-Store,Credit Card,2020-11-13 12:14:50
370,507,78,6,152.04,929.3,2.63,19.69,2022-10-20,Reseller,PayPal,2021-12-30 18:43:09
371,995,78,6,248.23,1472.63,32.25,15.5,2023-06-25,In-Store,Credit Card,2024-01-05 04:49:30
372,220,33,10,140.92,1381.25,29.76,1.81,2021-11-11,Reseller,Bank Transfer,2022-06-05 09:26:50
373,100,74,4,458.21,1840.77,7.9,15.83,2023-11-05,Reseller,Bank Transfer,2024-05-10 18:22:42
374,367,72,2,251.17,506.49,14.9,19.05,2020-02-19,Online,PayPal,2020-06-12 17:37:35
375,734,87,1,495.8,475.82,27.4,7.42,2023-02-01,In-Store,Cash,2022-08-11 03:50:59
376,563,8,2,49.67,98.46,6.77,5.89,2022-04-13,Reseller,PayPal,2021-04-15 01:40:40
377,509,55,8,317.25,2497.27,43.64,2.91,2020-03-10,Online,Cash,2024-06-05 10:30:36
378,874,3,5,69.92,350.99,7.78,9.17,2023-04-10,Online,Cash,2024-03-17 13:34:40
379,741,19,5,455.52,2274.02,22.62,19.04,2022-12-02,In-Store,Bank Transfer,2023-05-27 23:58:36
380,39,82,7,80.97,548.21,35.42,16.84,2022-10-25,Online,Credit Card,2022-07-07 09:55:44
381,712,70,4,308.18,1198.49,49.37,15.14,2022-06-01,Online,PayPal,2020-05-29 04:42:54
382,195,44,9,28.98,274.62,3.91,17.71,2022-04-20,In-Store,PayPal,2023-10-26 19:58:47
383,439,23,4,107.75,423.01,18.57,10.58,2022-09-25,Online,PayPal,2023-09-19 07:33:25
384,740,57,9,99.2,877.41,22.43,7.04,2021-06-13,In-Store,Bank Transfer,2022-06-01 05:20:30
385,749,1,10,300.13,3006.88,8.6,14.18,2021-11-01,Online,Bank Transfer,2022-11-25 19:10:17
386,296,88,7,195.54,1364.47,12.71,8.4,2021-03-06,In-Store,Bank Transfer,2024-06-01 15:51:38
387,776,88,5,97.91,488.18,2.76,1.39,2024-06-06,Reseller,PayPal,2023-02-17 22:55:53
388,626,93,10,148.51,1462.07,41.48,18.45,2021-07-20,Reseller,Credit Card,2020-10-20 18:26:07
389,917,60,7,253.19,1737.82,40.47,5.96,2020-02-28,Reseller,Credit Card,2020-02-09 19:15:20
390,561,75,6,327.19,1960.59,12.54,9.99,2024-01-17,Reseller,PayPal,2021-08-25 12:48:03
391,797,22,9,180.47,1587.9,37.28,0.95,2023-05-25,Online,PayPal,2021-09-08 12:36:02
392,19,46,6,476.01,2860.86,1.54,6.34,2023-04-03,Reseller,Bank Transfer,2023-01-01 19:49:12
393,923,99,3,416.25,1255.17,10.42,16.84,2020-02-13,Online,Credit Card,2022-07-28 12:49:39
394,695,75,5,393.92,1955.41,31.97,17.78,2022-02-10,Reseller,Credit Card,2023-08-13 21:51:10
395,192,85,1,7.95,12.26,26.19,5.98,2023-04-26,In-Store,PayPal,2022-10-07 20:52:48
396,495,9,6,23.12,137.02,10.28,8.58,2021-09-29,Reseller,Bank Transfer,2021-11-08 19:07:06
397,972,2,1,454.21,417.4,47.21,10.4,2024-04-25,In-Store,PayPal,2022-02-26 00:55:53
398,681,27,1,204.84,185.55,39.04,19.75,2023-08-11,In-Store,PayPal,2023-08-18 11:30:19
399,539,48,6,373.36,2209.39,32.1,1.33,2022-05-22,Online,Bank Transfer,2024-03-07 05:25:57
400,782,76,1,64.81,24.0,43.15,2.34,2024-02-12,Reseller,Credit Card,2022-01-27 20:50:08
401,399,47,9,251.86,2252.33,32.79,18.38,2023-09-03,Online,Credit Card,2023-05-09 17:29:00
402,521,30,9,389.95,3506.22,18.78,15.45,2020-11-03,Reseller,PayPal,2020-01-20 01:12:12
403,920,61,2,281.95,536.46,41.44,14.0,2023-02-07,In-Store,Credit Card,2023-12-11 06:29:52
404,983,5,10,65.18,657.15,3.37,8.72,2021-01-11,Reseller,Bank Transfer,2021-09-01 01:53:03
405,948,63,9,261.72,2322.1,48.18,14.8,2023-02-25,In-Store,Cash,2024-06-01 13:48:50
406,8,84,6,476.71,2847.64,27.41,14.79,2022-08-31,Reseller,Credit Card,2021-02-04 05:02:27
407,62,46,1,14.41,11.56,8.9,6.05,2023-06-13,In-Store,Credit Card,2021-02-11 11:37:13
408,909,36,9,181.82,1597.75,47.68,9.05,2022-03-28,Online,PayPal,2022-01-06 22:48:59
409,33,2,7,302.95,2106.52,25.22,11.09,2020-07-18,Reseller,Credit Card,2021-03-31 23:35:52
410,600,56,8,463.39,3692.74,30.92,16.54,2022-11-05,Reseller,Credit Card,2022-05-02 13:36:38
411,21,13,2,73.12,118.15,37.39,9.3,2024-05-13,Reseller,Bank Transfer,2020-09-10 15:47:52
412,555,24,4,266.53,1045.81,23.74,3.43,2020-01-17,Reseller,Bank Transfer,2024-02-29 10:26:24
413,278,61,5,228.23,1134.94,21.63,15.42,2023-03-28,Reseller,Credit Card,2022-02-19 09:26:05
414,33,55,9,422.61,3785.41,26.85,8.77,2021-08-11,In-Store,Credit Card,2020-12-23 04:16:51
415,693,50,2,452.8,914.2,6.35,14.95,2024-01-07,In-Store,Bank Transfer,2023-08-07 01:07:02
416,207,22,4,395.58,1536.92,47.21,1.81,2020-05-02,In-Store,PayPal,2021-07-04 14:09:48
417,358,89,4,72.89,286.34,22.67,17.45,2021-03-25,Reseller,Bank Transfer,2022-01-07 07:06:16
418,811,14,3,347.07,1040.07,10.08,8.94,2023-08-29,Online,PayPal,2020-04-05 15:12:05
419,583,70,10,397.33,3946.04,38.8,11.54,2023-05-07,Online,Cash,2020-09-13 04:39:38
420,264,31,8,439.6,3506.26,18.76,8.22,2023-05-20,Online,Credit Card,2020-08-03 16:22:52
421,164,12,9,463.53,4162.75,11.42,2.4,2023-06-25,Online,Bank Transfer,2022-08-26 05:35:40
422,798,79,10,296.28,2924.01,42.28,3.49,2022-02-01,Reseller,Credit Card,2022-07-24 07:57:24
423,723,36,8,306.78,2448.36,7.21,1.33,2022-11-06,Reseller,Bank Transfer,2022-12-16 10:55:15
424,470,59,7,144.24,991.42,19.71,1.45,2023-10-16,In-Store,PayPal,2023-05-17 09:29:14
425,719,99,3,485.34,1422.08,44.93,10.99,2021-12-30,In-Store,PayPal,2024-01-28 23:01:10
426,745,62,7,221.8,1523.82,45.82,17.04,2022-06-15,Reseller,Cash,2023-11-11 16:08:02
427,922,35,10,477.95,4748.4,41.3,10.2,2022-04-18,Online,Credit Card,2020-04-19 10:30:43
428,494,87,6,367.75,2166.18,41.18,0.86,2022-09-16,Online,Cash,2024-05-21 09:18:26
429,51,89,8,393.0,3106.63,39.11,1.74,2023-06-03,In-Store,PayPal,2023-10-04 08:00:31
430,732,15,4,349.47,1402.1,5.46,9.68,2021-07-10,In-Store,PayPal,2022-11-01 06:35:51
431,934,27,7,194.21,1321.42,38.78,0.73,2022-06-01,In-Store,Bank Transfer,2023-07-19 08:35:51
432,655,23,7,405.68,2843.57,0.99,4.8,2023-05-09,In-Store,Bank Transfer,2021-09-12 12:22:20
433,678,50,4,75.52,271.46,44.9,14.28,2023-08-14,Online,Credit Card,2020-10-13 10:54:00
434,75,20,1,345.14,314.08,35.05,3.99,2020-01-24,In-Store,Cash,2022-12-18 11:43:18
435,748,20,10,443.73,4438.36,17.93,18.99,2023-10-15,Reseller,PayPal,2023-01-19 06:45:59
436,583,11,6,87.89,518.17,20.45,11.28,2024-04-28,Online,Bank Transfer,2022-06-01 19:12:39
437,757,73,4,236.76,940.03,20.48,13.47,2020-11-23,Reseller,Credit Card,2021-07-09 11:37:13
438,267,3,3,480.39,1413.62,37.89,10.34,2021-01-07,In-Store,Credit Card,2023-06-03 01:56:50
439,638,53,5,65.6,336.86,4.98,13.84,2020-03-25,Online,Credit Card,2024-02-21 02:51:11
440,727,38,6,346.71,2091.29,7.32,18.35,2024-04-13,In-Store,Credit Card,2022-09-12 19:35:27
441,251,86,2,336.6,649.43,36.88,13.11,2023-10-22,Reseller,Bank Transfer,2020-02-24 18:42:43
442,683,68,2,338.59,644.58,49.36,16.76,2023-06-29,Reseller,Bank Transfer,2023-08-13 22:26:37
443,645,11,4,73.98,260.46,36.51,1.05,2021-03-07,Reseller,Cash,2022-03-16 23:42:09
444,931,48,3,67.16,200.86,19.78,19.16,2022-03-27,In-Store,PayPal,2023-06-18 11:37:02
445,295,71,3,74.11,207.11,23.63,8.41,2022-06-07,In-Store,Bank Transfer,2023-08-07 18:42:13
446,385,20,7,169.31,1167.38,21.44,3.65,2023-11-14,Reseller,PayPal,2022-04-01 16:08:45
447,833,98,6,145.58,870.19,16.94,13.65,2024-04-09,Reseller,Bank Transfer,2023-07-15 19:42:52
448,343,73,3,461.29,1393.05,6.62,15.8,2020-03-11,Reseller,Credit Card,2022-07-24 07:18:26
449,783,40,3,194.67,538.27,49.86,4.12,2023-11-18,Online,Credit Card,2022-07-16 17:32:37
450,602,1,6,299.19,1761.44,48.17,14.47,2020-07-31,Online,Credit Card,2023-10-04 12:44:14
451,638,95,7,55.0,368.44,17.51,0.95,2020-08-11,Reseller,Credit Card,2021-06-14 13:46:50
452,57,19,3,420.03,1242.52,29.36,11.79,2023-01-24,Reseller,Bank Transfer,2022-11-19 00:45:16
453,19,48,3,416.65,1228.47,32.91,11.43,2020-09-22,In-Store,Credit Card,2021-01-28 17:41:59
454,494,59,10,329.72,3314.11,1.26,18.17,2024-01-24,In-Store,PayPal,2020-07-09 03:56:46
455,408,30,5,391.69,1943.23,30.15,14.93,2021-11-21,Reseller,PayPal,2021-09-21 03:34:40
456,226,62,6,398.07,2346.22,43.4,1.2,2020-09-07,Reseller,Cash,2023-09-14 16:53:51
457,516,40,3,279.14,820.53,30.25,13.36,2020-08-17,In-Store,Credit Card,2020-04-29 10:15:28
458,326,48,2,449.37,882.04,36.18,19.48,2024-06-10,Online,Bank Transfer,2020-01-08 12:44:35
459,687,24,10,231.77,2288.03,38.33,8.66,2021-06-29,Reseller,Credit Card,2024-02-08 01:46:49
460,373,47,10,286.39,2858.21,19.82,14.13,2023-06-19,In-Store,Bank Transfer,2021-01-05 07:50:59
461,135,46,4,457.09,1794.33,37.53,3.5,2024-06-20,Online,Credit Card,2021-02-22 03:30:08
462,407,85,1,98.35,57.86,49.82,9.33,2021-05-18,Reseller,Credit Card,2020-03-04 15:13:12
463,237,38,7,359.69,2487.73,39.17,9.07,2023-08-08,In-Store,Cash,2022-02-25 06:44:25
464,735,10,6,294.63,1747.4,28.3,7.92,2021-02-01,Online,Bank Transfer,2022-08-04 22:20:20
465,690,14,4,360.14,1435.42,11.14,6.0,2022-11-27,Reseller,Credit Card,2021-10-27 03:10:56
466,696,75,6,33.88,160.57,44.75,2.04,2021-03-30,Online,Bank Transfer,2020-11-05 20:28:56
467,622,4,8,229.88,1844.61,6.83,12.4,2021-01-15,Online,PayPal,2023-04-04 21:09:16
468,428,15,8,367.13,2904.07,45.61,12.64,2020-03-06,Reseller,PayPal,2021-05-08 16:14:36
469,233,44,5,36.65,142.55,45.44,4.74,2023-12-06,Online,Cash,2022-09-10 08:49:06
470,881,46,4,494.15,1969.52,11.43,4.35,2021-07-11,Reseller,Credit Card,2024-03-11 20:39:38
471,366,23,5,446.42,2229.27,13.55,10.72,2021-10-04,Online,PayPal,2020-03-04 22:30:04
472,105,19,10,134.2,1319.76,37.63,15.39,2022-05-03,Online,Cash,2020-01-26 18:48:08
473,488,42,10,272.68,2704.03,30.45,7.68,2020-06-24,In-Store,Bank Transfer,2022-10-07 12:01:55
474,85,14,3,383.42,1130.29,37.69,17.72,2023-07-24,Reseller,PayPal,2022-10-30 16:12:17
475,181,15,5,40.23,199.18,19.58,17.61,2023-04-20,Reseller,Credit Card,2023-02-01 20:31:39
476,692,97,3,446.09,1291.46,48.11,1.3,2023-10-24,Reseller,Bank Transfer,2020-07-26 08:49:33
477,610,21,9,246.82,2198.54,23.47,0.63,2023-08-14,Reseller,Bank Transfer,2022-08-06 17:50:18
478,944,12,6,364.28,2188.43,9.46,12.21,2020-05-28,In-Store,PayPal,2024-02-15 15:00:55
479,873,69,6,275.52,1637.85,25.04,9.77,2021-11-28,Reseller,Credit Card,2023-04-11 01:08:38
480,526,70,10,255.72,2570.28,1.73,14.81,2022-11-23,In-Store,PayPal,2021-11-06 08:57:07
481,373,80,5,275.33,1368.45,20.9,12.7,2020-12-31,Reseller,Cash,2022-02-24 12:55:53
482,453,7,6,30.41,154.24,42.74,14.52,2023-12-09,Online,Bank Transfer,2021-01-03 12:39:56
483,532,94,4,472.18,1861.15,31.98,4.41,2020-05-24,Online,PayPal,2021-03-22 01:56:19
484,242,83,9,149.47,1306.88,41.27,2.92,2021-02-24,Online,Cash,2023-09-05 18:31:19
485,979,53,3,12.8,44.11,6.41,12.12,2022-07-14,Online,PayPal,2023-10-20 20:22:33
486,702,52,9,8.44,63.5,20.17,7.71,2021-07-17,Reseller,PayPal,2023-01-31 21:10:56
487,504,83,4,65.37,258.38,14.34,11.24,2020-01-27,In-Store,Cash,2021-08-29 11:53:38
488,651,47,2,313.79,609.13,31.16,12.71,2023-03-13,Online,PayPal,2020-03-30 08:10:49
489,362,66,3,196.15,573.7,23.96,9.21,2021-03-30,Online,Cash,2020-11-03 15:25:45
490,485,25,3,105.72,318.84,14.66,16.34,2021-09-20,In-Store,Credit Card,2021-09-01 15:19:10
491,128,20,7,404.34,2789.64,42.15,1.41,2021-11-30,Online,Bank Transfer,2022-11-10 06:08:09
492,19,71,8,450.54,3603.65,14.79,14.12,2021-07-10,Online,Credit Card,2023-06-17 22:56:00
493,479,69,2,247.08,504.6,2.81,13.25,2022-04-28,Reseller,Cash,2021-07-01 15:21:38
494,625,73,6,244.86,1450.93,27.98,9.75,2021-06-07,Reseller,Cash,2020-11-01 09:46:23
495,383,82,5,459.23,2281.86,26.23,11.94,2021-11-20,Online,Credit Card,2024-01-30 06:27:32
496,473,93,9,226.45,2010.86,31.19,4.0,2024-02-25,Reseller,Cash,2020-01-05 06:29:27
497,855,64,4,368.21,1450.87,39.97,18.0,2021-01-17,Online,PayPal,2022-11-13 18:24:11
498,68,59,8,199.35,1589.44,16.47,11.11,2024-02-06,Online,PayPal,2023-03-12 17:52:21
499,377,40,7,224.49,1536.74,49.74,15.05,2021-01-08,Online,PayPal,2022-05-31 15:37:18
500,722,50,4,217.71,867.22,19.12,15.5,2023-05-23,Online,Credit Card,2023-08-07 12:17:28
501,856,32,8,221.71,1766.84,8.45,1.61,2022-10-12,Reseller,Cash,2022-05-12 23:14:18
502,880,80,1,123.99,95.13,31.47,2.61,2021-01-01,Online,Bank Transfer,2020-07-17 06:22:35
503,874,96,10,415.46,4126.77,28.36,0.53,2022-11-11,In-Store,Bank Transfer,2020-05-20 05:57:46
504,943,93,3,394.27,1158.6,37.3,13.09,2022-07-10,Online,Credit Card,2022-08-20 07:43:56
505,709,96,1,359.75,330.22,36.77,7.24,2021-03-28,Online,PayPal,2021-04-03 08:25:33
506,688,14,7,477.94,3344.9,1.04,0.36,2020-03-22,Online,Bank Transfer,2020-11-09 12:14:50
507,273,56,6,452.08,2717.14,14.81,19.47,2023-07-28,Online,Credit Card,2020-06-14 13:17:02
508,394,47,3,494.54,1473.71,17.7,7.79,2021-11-06,Online,PayPal,2022-07-02 20:04:09
509,24,53,10,477.48,4751.45,25.72,2.37,2022-05-24,In-Store,Bank Transfer,2020-01-02 09:49:46
510,544,4,9,449.6,4035.58,15.87,5.05,2020-10-29,Reseller,Cash,2022-01-06 16:37:00
511,203,55,4,414.32,1658.58,11.2,12.5,2023-09-04,Online,Bank Transfer,2022-05-09 17:26:33
512,261,34,6,266.1,1595.1,18.86,17.36,2021-01-16,In-Store,Bank Transfer,2020-02-01 04:12:48
513,534,62,6,107.86,635.12,22.31,10.27,2023-05-15,Reseller,Cash,2020-10-25 12:49:06
514,906,8,3,398.94,1171.3,43.39,17.87,2022-09-16,Online,Cash,2024-01-11 19:37:43
515,349,11,6,266.26,1608.1,1.35,11.89,2022-02-20,In-Store,Bank Transfer,2020-03-03 02:44:30
516,858,91,5,327.84,1596.0,45.71,2.51,2024-04-19,In-Store,Cash,2022-11-12 18:12:56
517,585,82,8,82.46,644.92,20.26,5.5,2020-06-09,Online,PayPal,2023-06-15 12:17:25
518,427,87,7,294.82,2058.56,8.98,3.8,2022-12-24,In-Store,Credit Card,2020-03-24 07:17:24
519,860,55,3,463.6,1388.66,17.92,15.78,2024-01-20,In-Store,Cash,2023-06-06 18:28:05
520,563,13,1,466.52,479.79,1.53,14.8,2021-02-26,Reseller,Credit Card,2023-05-22 10:25:08
521,716,32,3,95.4,280.56,22.39,16.75,2023-01-25,Reseller,Cash,2021-10-12 09:46:21
522,38,48,5,177.88,854.39,45.91,10.9,2020-10-05,In-Store,Bank Transfer,2021-07-02 19:15:58
523,382,12,7,198.51,1356.23,42.93,9.59,2022-08-26,In-Store,Cash,2024-01-06 01:48:12
524,589,91,10,59.97,573.23,27.43,0.96,2023-01-15,Online,Credit Card,2020-12-17 10:15:51
525,417,43,4,94.4,378.26,10.91,11.57,2022-07-23,Reseller,Bank Transfer,2022-04-27 03:18:06
526,485,55,5,43.63,187.04,46.37,15.26,2021-04-12,In-Store,Bank Transfer,2020-03-23 12:48:36
527,930,87,8,347.02,2738.96,46.99,9.79,2020-06-27,Reseller,Credit Card,2021-02-06 03:47:28
528,504,35,5,86.55,418.57,26.52,12.34,2024-06-21,Online,Credit Card,2020-08-23 01:48:36
529,154,60,7,388.36,2721.65,12.67,15.8,2022-10-29,In-Store,Credit Card,2021-09-13 05:22:14
530,613,96,10,383.18,3829.88,19.75,17.83,2022-12-23,Online,Credit Card,2023-06-18 07:53:50
531,35,36,7,368.53,2551.36,45.78,17.43,2022-01-22,Online,PayPal,2024-06-12 18:45:35
532,427,52,7,371.96,2564.31,40.31,0.9,2024-02-26,Online,PayPal,2021-03-16 04:24:00
533,30,73,4,7.14,0.04,46.47,17.95,2020-10-20,In-Store,Bank Transfer,2021-11-28 02:37:13
534,26,71,2,20.79,40.45,13.37,12.24,2021-02-14,Reseller,Cash,2020-05-30 09:06:35
535,917,11,10,348.44,3495.87,2.07,13.54,2022-05-18,In-Store,Credit Card,2020-04-11 03:42:58
536,535,83,5,253.68,1267.54,12.14,11.28,2023-03-07,Online,Bank Transfer,2021-07-18 03:46:51
537,630,84,1,167.26,137.22,32.23,2.19,2023-06-27,Online,PayPal,2022-11-26 10:51:26
538,635,27,8,83.23,661.77,7.02,2.95,2020-03-21,Online,Cash,2020-07-30 18:39:26
539,953,21,10,239.07,2393.02,6.28,8.6,2023-11-13,Online,PayPal,2021-04-16 14:47:47
540,922,89,8,119.38,964.4,0.13,9.49,2021-02-04,Reseller,Cash,2021-02-14 14:10:47
541,6,78,7,69.74,468.14,33.19,13.15,2021-02-16,Online,PayPal,2022-04-16 21:11:12
542,882,95,4,377.77,1505.55,6.55,1.02,2021-02-15,In-Store,Cash,2024-03-22 07:07:23
543,285,55,4,414.54,1628.48,34.88,5.2,2022-11-06,Reseller,PayPal,2022-12-20 03:10:12
544,936,38,10,47.15,439.13,44.73,12.36,2020-10-13,In-Store,Credit Card,2020-06-28 19:38:43
545,47,13,9,493.25,4442.93,12.32,16.0,2020-06-21,In-Store,Bank Transfer,2023-07-17 21:12:47
546,770,97,1,103.95,105.38,11.26,12.69,2024-02-22,In-Store,Cash,2020-11-07 15:03:50
547,826,50,1,247.84,217.71,49.64,19.51,2022-09-10,Online,PayPal,2020-11-25 10:48:59
548,971,1,5,325.87,1596.54,39.62,6.81,2023-08-30,In-Store,PayPal,2022-04-21 15:24:34
549,331,62,2,301.56,564.38,47.65,8.91,2022-12-24,Reseller,PayPal,2022-10-28 18:34:50
550,663,67,5,207.1,1010.81,44.29,19.6,2022-01-22,Reseller,Credit Card,2021-10-16 01:00:12
551,200,79,4,106.6,432.59,6.9,13.09,2021-07-05,Reseller,PayPal,2021-08-15 13:27:51
552,505,45,4,292.07,1170.01,7.65,9.38,2020-11-14,In-Store,Bank Transfer,2023-08-02 11:27:55
553,1,81,1,206.77,187.4,39.15,19.78,2022-10-19,Reseller,PayPal,2022-01-03 06:42:07
554,620,57,8,497.01,3979.06,11.63,14.61,2022-08-02,In-Store,Credit Card,2024-03-11 10:41:06
555,982,16,8,405.76,3224.95,23.45,2.32,2022-11-03,In-Store,Bank Transfer,2022-04-27 07:34:02
556,895,51,2,106.42,207.46,11.5,6.12,2021-08-18,Reseller,Credit Card,2021-07-07 08:26:18
557,464,42,4,26.35,91.55,15.33,1.48,2020-02-05,Online,Cash,2021-07-10 22:26:40
558,764,93,2,225.98,442.14,17.09,7.27,2020-04-09,Reseller,Credit Card,2023-08-08 18:56:28
559,15,47,1,279.26,255.64,37.04,13.42,2021-05-04,Reseller,PayPal,2024-02-14 20:19:55
560,472,39,5,442.02,2224.62,0.96,15.48,2023-09-15,Online,Cash,2022-04-21 07:09:06
561,323,1,3,346.2,1036.26,20.3,17.96,2023-03-17,Reseller,Credit Card,2024-01-30 01:12:22
562,645,70,8,256.1,2023.45,31.01,5.66,2020-09-24,In-Store,Credit Card,2022-12-03 21:35:04
563,901,54,5,421.54,2083.37,31.76,7.43,2020-03-29,In-Store,PayPal,2022-08-02 06:52:59
564,455,34,4,200.29,766.75,36.51,2.1,2021-08-26,In-Store,Bank Transfer,2021-06-20 19:22:04
565,451,25,5,93.23,450.11,25.43,9.39,2020-04-07,Online,PayPal,2021-10-08 07:56:17
566,434,77,9,159.95,1417.61,21.99,0.05,2023-10-04,In-Store,Bank Transfer,2022-10-30 00:44:29
567,706,64,1,298.85,271.6,35.6,8.35,2021-09-22,Online,Bank Transfer,2021-07-18 11:08:54
568,67,34,1,304.86,304.16,3.04,2.34,2021-07-01,Reseller,PayPal,2020-06-26 21:20:18
569,58,27,7,181.43,1276.63,4.69,11.31,2022-02-25,In-Store,Credit Card,2024-06-07 06:22:29
570,419,75,10,363.77,3601.95,48.29,12.54,2022-11-29,Reseller,Bank Transfer,2022-07-30 00:36:00
571,282,95,7,331.74,2307.87,21.68,7.37,2020-05-24,Reseller,Cash,2023-03-03 12:29:07
572,136,66,2,62.43,133.14,7.84,16.12,2021-07-22,Online,PayPal,2020-03-25 02:05:47
573,497,12,9,151.27,1356.84,10.71,6.12,2023-02-24,In-Store,Cash,2020-02-18 06:05:29
574,605,96,10,103.99,1019.15,34.31,13.56,2020-01-05,Reseller,PayPal,2023-02-24 08:39:10
575,67,62,3,22.74,33.62,41.79,7.19,2020-07-28,In-Store,Credit Card,2024-05-14 11:03:34
576,781,4,7,90.67,600.04,49.43,14.78,2023-08-01,Online,Bank Transfer,2020-07-27 16:01:23
577,680,79,4,339.27,1337.45,35.51,15.88,2023-03-25,In-Store,PayPal,2021-04-14 06:19:07
578,755,37,1,196.39,171.78,38.64,14.03,2020-12-26,In-Store,PayPal,2022-10-21 00:26:56
579,105,80,8,75.0,589.25,14.05,3.3,2023-09-03,Online,Bank Transfer,2022-07-10 13:03:50
580,313,20,4,414.55,1639.45,35.68,16.93,2022-11-18,In-Store,Cash,2021-01-06 05:02:20
581,272,42,3,126.5,360.26,27.12,7.88,2020-07-02,Online,Bank Transfer,2024-02-13 04:38:06
582,864,72,5,422.76,2074.83,45.55,6.58,2024-06-03,In-Store,PayPal,2023-11-11 07:03:07
583,421,76,10,371.99,3728.49,2.48,11.07,2022-11-16,Online,PayPal,2022-08-11 11:58:50
584,968,70,10,315.97,3119.88,40.79,0.97,2023-09-05,Reseller,Cash,2021-12-25 01:00:31
585,767,1,7,49.35,318.7,39.93,13.18,2021-07-19,Reseller,PayPal,2022-03-03 16:33:23
586,906,15,3,281.83,845.51,14.75,14.77,2022-11-22,Reseller,Credit Card,2022-11-30 13:35:58
587,184,92,6,271.68,1631.39,12.33,13.64,2023-12-27,In-Store,Bank Transfer,2021-10-31 12:51:06
588,863,26,5,481.52,2370.2,49.58,12.18,2022-05-28,Reseller,Cash,2022-12-21 16:13:27
589,876,40,5,114.65,569.33,10.71,6.79,2023-12-03,Online,Cash,2021-07-22 13:24:46
590,426,22,3,155.34,473.56,4.73,12.27,2021-05-16,Online,Bank Transfer,2023-05-19 14:02:19
591,80,97,6,344.97,2074.59,7.39,12.16,2021-06-15,In-Store,Cash,2020-11-26 12:42:48
592,567,59,5,317.43,1562.72,44.16,19.73,2021-01-26,In-Store,PayPal,2023-01-08 03:41:14
593,690,52,5,82.96,391.5,37.19,13.89,2023-02-17,Online,PayPal,2023-05-10 15:40:17
594,950,21,8,492.25,3907.91,42.96,12.87,2023-06-28,In-Store,PayPal,2020-12-31 05:51:49
595,250,18,5,81.87,367.55,45.39,3.59,2020-12-10,Reseller,Bank Transfer,2020-10-03 07:20:10
596,306,82,6,224.45,1335.37,14.37,3.04,2024-03-21,Online,PayPal,2020-08-05 22:15:56
597,296,1,3,491.01,1465.26,14.42,6.65,2022-09-07,Online,Bank Transfer,2022-01-13 04:33:30
598,613,23,7,211.89,1494.85,0.57,12.19,2021-06-24,Reseller,Bank Transfer,2021-08-17 04:58:56
599,446,83,9,156.57,1386.39,33.36,10.62,2021-03-03,In-Store,Bank Transfer,2022-03-22 05:23:37
600,254,59,2,336.23,647.45,39.71,14.7,2021-01-22,Reseller,Cash,2023-01-13 16:41:33
601,689,14,1,243.21,218.26,34.8,9.85,2021-12-13,Online,PayPal,2020-03-12 22:00:40
602,250,55,10,41.02,374.93,42.1,6.83,2021-06-07,Reseller,Credit Card,2020-05-10 11:06:34
603,240,38,7,425.05,2930.09,45.99,0.73,2020-07-27,Online,PayPal,2021-04-16 15:28:34
604,292,52,2,398.94,801.84,9.37,13.33,2022-05-21,Reseller,Credit Card,2023-09-26 01:44:26
605,450,55,2,435.61,858.91,15.76,3.45,2021-06-24,Reseller,Cash,2020-05-07 17:53:31
606,509,83,10,130.34,1275.3,41.06,12.96,2021-05-11,Online,Credit Card,2024-02-05 01:45:56
607,505,100,1,122.89,93.61,34.84,5.56,2020-08-19,Online,Credit Card,2020-04-07 11:56:40
608,929,41,2,162.99,301.02,35.6,10.64,2022-06-16,Online,Bank Transfer,2021-12-29 00:47:21
609,936,89,9,339.26,3054.57,2.59,3.82,2024-02-25,In-Store,Bank Transfer,2022-04-25 13:35:25
610,716,39,3,82.56,224.13,30.08,6.53,2021-02-13,In-Store,Cash,2020-03-23 12:14:46
611,298,31,1,300.64,309.54,4.09,12.99,2023-02-24,Online,PayPal,2020-12-04 07:44:39
612,560,61,7,413.77,2871.88,41.0,16.49,2021-04-13,Reseller,PayPal,2023-01-25 00:31:17
613,402,90,9,403.28,3609.78,29.82,10.08,2024-01-21,Online,Bank Transfer,2021-01-11 06:01:28
614,789,73,4,468.24,1841.49,33.74,2.27,2021-09-03,Online,Bank Transfer,2021-07-03 08:50:43
615,337,99,6,423.16,2533.04,7.13,1.21,2024-01-29,Reseller,Credit Card,2021-11-06 17:36:16
616,540,27,5,110.28,539.55,19.38,7.53,2023-03-13,Online,Bank Transfer,2023-06-08 10:39:46
617,178,15,4,28.77,91.0,28.55,4.47,2023-05-25,Reseller,Bank Transfer,2023-06-28 12:18:34
618,822,100,5,380.6,1900.39,21.14,18.53,2022-12-23,In-Store,Bank Transfer,2020-09-13 19:44:29
619,699,2,8,460.25,3670.34,14.83,3.17,2021-04-23,Reseller,PayPal,2021-07-16 06:24:06
620,235,69,9,56.9,516.43,2.31,6.64,2020-08-04,In-Store,Credit Card,2023-02-09 23:16:07
621,28,14,9,207.5,1843.54,27.93,3.97,2021-06-17,Reseller,Credit Card,2023-01-10 09:08:40
622,498,25,3,98.83,263.85,43.12,10.48,2022-07-10,In-Store,Credit Card,2020-09-28 05:00:33
623,978,43,10,409.17,4072.53,35.3,16.13,2023-09-29,Online,Cash,2022-11-03 07:59:13
624,928,56,4,412.11,1603.78,48.27,3.61,2021-05-14,Reseller,Credit Card,2023-01-28 09:07:42
625,783,98,8,166.35,1326.06,6.74,2.0,2020-05-04,In-Store,Bank Transfer,2021-11-24 22:16:33
626,505,67,1,201.55,189.91,25.99,14.35,2021-05-09,In-Store,PayPal,2020-01-16 16:54:23
627,480,28,9,189.24,1689.11,17.15,3.1,2023-01-28,Reseller,Bank Transfer,2023-12-06 05:50:41
628,64,11,4,238.36,948.21,11.74,6.51,2023-01-13,Online,PayPal,2020-06-19 06:21:48
629,353,19,4,198.47,760.85,48.58,15.55,2022-08-16,In-Store,Cash,2021-02-17 01:29:10
630,190,49,9,112.23,1005.79,9.67,5.39,2021-10-14,In-Store,Cash,2020-10-15 06:22:58
631,772,64,10,259.86,2563.1,49.11,13.61,2020-03-27,In-Store,Bank Transfer,2023-07-16 02:16:58
632,867,91,9,18.24,130.75,37.99,4.58,2022-11-19,Reseller,Credit Card,2023-06-13 18:31:32
633,398,60,8,18.82,121.67,47.49,18.6,2021-01-24,In-Store,Cash,2024-02-26 11:29:49
634,885,18,5,261.19,1293.48,24.71,12.24,2023-02-20,Online,PayPal,2024-03-28 00:00:09
635,193,18,3,168.61,511.09,5.68,10.94,2024-03-26,In-Store,Credit Card,2021-12-26 11:34:50
636,644,100,7,118.0,784.05,47.42,5.47,2023-12-25,Online,Cash,2020-04-10 15:02:27
637,101,39,8,60.29,457.61,29.93,5.22,2024-02-27,Online,Cash,2020-10-05 08:00:24
638,348,95,10,209.25,2094.31,11.55,13.36,2020-07-01,In-Store,Credit Card,2023-03-25 09:33:53
639,976,95,4,455.04,1823.11,5.22,8.17,2023-02-17,Online,Bank Transfer,2020-07-22 16:28:45
640,128,7,4,173.81,680.6,16.51,1.87,2022-05-15,Online,Bank Transfer,2021-10-15 00:31:52
641,885,81,6,123.48,699.51,48.86,7.49,2023-08-31,Online,Credit Card,2022-08-14 22:14:54
642,29,1,10,444.12,4458.44,1.83,19.07,2020-03-22,Reseller,PayPal,2023-04-19 02:25:46
643,190,3,7,188.53,1314.81,24.68,19.78,2020-08-13,Reseller,PayPal,2022-04-27 19:34:28
644,522,14,9,123.37,1085.9,39.92,15.49,2020-09-05,Reseller,Credit Card,2020-02-29 22:21:32
645,455,81,8,112.44,894.65,5.31,0.44,2021-08-06,Online,Bank Transfer,2023-08-23 17:50:12
646,678,86,9,243.76,2184.74,21.92,12.82,2023-12-26,Reseller,Bank Transfer,2022-02-18 00:11:42
647,872,22,3,332.8,973.38,27.58,2.56,2023-12-03,Online,PayPal,2023-06-02 10:02:22
648,921,21,4,265.13,1030.37,39.07,8.92,2024-05-19,Online,Bank Transfer,2021-10-07 04:03:38
649,555,30,2,87.03,141.8,46.22,13.96,2021-04-08,Reseller,Bank Transfer,2023-02-05 03:01:29
650,469,19,5,424.61,2113.81,17.09,7.85,2023-11-08,Reseller,Credit Card,2024-05-16 05:47:07
651,467,8,8,431.24,3413.49,38.62,2.19,2024-05-31,Reseller,Bank Transfer,2020-12-08 21:48:49
652,553,86,9,318.56,2867.84,14.01,14.81,2020-03-17,In-Store,Credit Card,2022-02-06 10:30:39
653,211,60,4,158.04,621.91,12.57,2.32,2023-08-22,Online,Cash,2022-02-03 11:03:45
654,731,58,2,137.07,269.17,17.55,12.58,2024-01-14,Reseller,Bank Transfer,2021-10-14 22:57:54
655,569,10,10,118.35,1157.36,31.04,4.9,2021-08-26,In-Store,Cash,2021-09-03 06:31:16
656,835,57,7,150.73,1031.0,33.09,8.98,2021-01-10,Online,Bank Transfer,2022-05-01 20:55:43
657,503,44,8,390.78,3124.31,15.32,13.39,2020-12-05,In-Store,Credit Card,2023-04-21 06:08:10
658,411,92,4,372.51,1496.09,8.13,14.18,2022-02-27,Reseller,Cash,2022-09-17 18:37:01
659,723,69,6,265.92,1557.15,46.52,8.15,2024-03-30,In-Store,Bank Transfer,2020-08-02 07:53:23
660,294,38,2,484.29,928.64,45.87,5.93,2020-06-25,Reseller,Cash,2020-03-14 20:16:27
661,245,8,5,411.68,2029.78,36.97,8.35,2020-01-27,In-Store,Credit Card,2022-04-17 07:03:44
662,749,13,1,432.12,407.45,38.43,13.76,2024-04-04,Online,Cash,2020-07-04 04:27:01
663,81,66,5,292.61,1446.4,34.58,17.93,2023-01-31,In-Store,Credit Card,2021-05-09 12:21:08
664,354,49,9,99.58,863.75,42.5,10.03,2023-07-08,In-Store,Credit Card,2020-12-20 09:02:24
665,554,71,5,49.66,225.27,40.81,17.78,2023-07-11,In-Store,Bank Transfer,2020-02-16 01:57:51
666,884,35,8,89.23,715.41,18.07,19.64,2021-10-10,Reseller,Credit Card,2021-09-26 05:00:43
667,690,25,4,423.37,1690.37,15.79,12.68,2023-04-04,Online,Cash,2022-08-22 20:26:54
668,891,77,3,21.67,58.2,10.82,4.01,2020-07-02,Online,Cash,2021-08-06 22:12:58
669,137,41,5,256.62,1268.72,23.01,8.63,2024-01-18,In-Store,Cash,2022-12-11 08:19:34
670,900,33,7,57.33,356.19,45.17,0.05,2022-07-22,Reseller,Cash,2022-11-16 09:14:21
671,461,97,5,295.13,1479.06,6.72,10.13,2020-04-25,Reseller,Cash,2020-05-01 22:10:23
672,438,97,7,209.52,1446.08,38.36,17.8,2021-03-31,In-Store,Credit Card,2021-04-24 01:23:47
673,34,89,6,150.0,882.25,20.91,3.16,2021-07-21,Reseller,Cash,2021-02-14 01:30:47
674,706,29,5,51.87,219.59,43.36,3.6,2023-09-10,Reseller,Bank Transfer,2023-08-28 05:25:08
675,667,95,3,341.02,1039.47,2.42,18.83,2024-04-19,Online,Credit Card,2020-09-27 03:50:38
676,684,26,7,136.45,952.39,19.23,16.47,2020-07-09,Reseller,Bank Transfer,2021-09-26 10:36:01
677,146,15,8,378.36,2991.11,42.85,7.08,2021-09-03,In-Store,Credit Card,2021-08-01 03:20:44
678,337,32,3,233.75,682.1,31.79,12.64,2021-09-30,In-Store,Cash,2023-05-28 10:58:17
679,254,33,2,106.13,179.79,37.26,4.79,2021-08-23,Reseller,Cash,2022-11-13 20:21:35
680,68,84,7,191.36,1332.69,19.61,12.78,2023-10-07,Online,Credit Card,2021-12-15 06:36:20
681,7,27,4,134.02,534.05,7.24,5.21,2024-01-07,In-Store,Cash,2021-01-08 05:04:13
682,757,80,9,258.86,2306.83,38.06,15.15,2022-04-02,Reseller,Credit Card,2022-10-29 09:51:24
683,581,68,10,56.63,567.95,9.51,11.16,2020-02-21,Reseller,PayPal,2021-10-27 08:01:09
684,972,83,5,353.64,1751.82,19.04,2.66,2020-07-23,Reseller,Bank Transfer,2021-11-28 03:48:42
685,745,18,4,259.42,1023.69,27.06,13.07,2020-07-11,Online,PayPal,2020-08-30 23:46:37
686,632,67,10,294.44,2922.22,25.32,3.14,2022-01-12,Reseller,Bank Transfer,2021-06-23 15:10:55
687,19,96,4,144.04,558.11,24.58,6.53,2022-12-25,Online,Cash,2023-04-20 12:27:22
688,396,36,5,84.48,421.68,5.88,5.16,2024-06-05,In-Store,Cash,2023-05-23 19:04:17
689,954,75,3,163.39,482.19,8.23,0.25,2020-11-19,Reseller,PayPal,2022-08-03 19:31:19
690,930,94,3,360.93,1061.7,28.59,7.5,2021-12-20,Reseller,Cash,2023-03-06 20:04:28
691,257,99,1,358.02,351.04,25.73,18.75,2022-03-01,In-Store,Cash,2024-06-12 20:42:58
692,24,68,6,492.03,2942.94,20.92,11.68,2024-03-15,In-Store,Bank Transfer,2020-08-29 15:30:15
693,207,66,10,85.91,845.6,33.41,19.91,2022-12-31,Reseller,Credit Card,2022-09-28 02:44:49
694,643,78,6,98.44,601.24,4.45,15.05,2020-03-09,In-Store,Cash,2021-05-23 08:32:50
695,125,50,7,47.56,313.69,32.99,13.76,2023-01-16,In-Store,Credit Card,2023-07-30 23:17:07
696,519,11,5,220.58,1086.07,21.4,4.57,2022-01-29,Reseller,Credit Card,2023-11-28 22:48:31
697,297,35,7,321.65,2259.46,10.0,17.91,2022-07-09,Online,Cash,2024-06-15 20:23:19
698,947,12,3,138.75,410.6,14.89,9.24,2020-05-19,Reseller,Bank Transfer,2022-03-07 18:44:16
699,935,86,2,371.94,727.06,20.47,3.65,2023-11-22,Online,PayPal,2023-01-02 11:03:50
700,623,93,9,349.89,3142.01,21.02,14.02,2023-11-05,Reseller,Credit Card,2020-05-29 00:45:21
701,235,82,8,110.69,863.67,31.93,10.08,2020-08-03,In-Store,Cash,2023-09-10 08:36:44
702,221,9,6,290.43,1751.07,3.2,11.69,2023-10-14,Online,Cash,2022-06-10 20:27:49
703,181,94,5,464.97,2292.76,49.06,16.97,2020-10-19,In-Store,Credit Card,2024-04-30 09:08:19
704,135,65,8,218.31,1748.04,6.13,7.69,2021-01-22,Online,Credit Card,2021-11-18 02:16:44
705,268,51,5,213.31,1041.37,32.65,7.47,2023-03-13,Online,Bank Transfer,2020-06-04 15:22:44
706,116,78,4,498.32,1978.74,22.19,7.65,2020-10-19,Online,Cash,2023-07-22 02:19:59
707,635,39,4,415.46,1664.31,10.03,12.5,2020-02-08,Reseller,PayPal,2022-06-04 04:20:31
708,178,63,10,90.44,907.12,13.99,16.71,2024-01-09,In-Store,Credit Card,2021-01-19 22:09:59
709,571,78,6,392.42,2345.97,9.14,0.59,2023-07-01,In-Store,Bank Transfer,2024-02-08 14:11:54
710,325,9,3,170.58,506.03,6.73,1.02,2022-06-13,Reseller,PayPal,2021-07-08 13:19:25
711,321,36,4,165.21,625.67,39.0,3.83,2024-03-27,In-Store,PayPal,2023-02-10 08:33:29
712,161,52,6,18.85,109.09,10.8,6.79,2020-07-13,Online,Credit Card,2023-01-22 19:36:26
713,459,22,5,412.17,2029.66,44.38,13.19,2023-06-19,Online,PayPal,2022-05-25 08:15:36
714,329,68,6,392.17,2311.83,43.66,2.47,2020-04-19,Reseller,Credit Card,2020-07-31 23:46:52
715,175,22,5,103.77,509.49,24.58,15.22,2021-08-04,Reseller,PayPal,2023-02-05 12:41:41
716,134,97,7,140.32,945.54,42.14,5.44,2024-02-17,Online,Credit Card,2022-10-19 05:28:22
717,749,41,5,444.66,2225.52,8.82,11.04,2021-11-20,Online,Cash,2024-05-19 17:14:16
718,581,10,7,339.61,2336.4,48.58,7.71,2023-04-05,In-Store,Cash,2020-02-25 19:03:11
719,512,42,4,287.08,1117.3,36.99,5.97,2020-10-15,Reseller,Cash,2020-01-10 03:32:55
720,601,80,3,307.39,925.74,14.64,18.21,2021-08-07,Reseller,Cash,2022-11-03 14:32:34
721,835,28,9,335.07,3002.87,24.15,11.39,2023-11-15,In-Store,Bank Transfer,2023-10-13 13:40:06
722,695,96,7,136.14,926.84,42.85,16.71,2021-07-21,In-Store,Bank Transfer,2024-05-12 09:04:08
723,554,26,4,498.69,2002.56,0.79,8.59,2021-06-10,Reseller,Cash,2023-07-03 19:37:49
724,429,97,10,462.72,4612.38,31.67,16.85,2020-06-22,Reseller,Bank Transfer,2020-07-26 12:19:23
725,881,12,4,420.46,1677.95,4.34,0.45,2023-07-13,In-Store,PayPal,2022-02-15 09:30:17
726,39,64,10,129.8,1277.99,24.77,4.76,2020-03-22,Reseller,Credit Card,2023-09-03 03:03:24
727,71,88,4,439.14,1765.62,9.21,18.27,2022-05-05,In-Store,PayPal,2023-12-20 00:09:20
728,737,19,10,228.89,2295.67,0.03,6.8,2020-10-27,Reseller,Bank Transfer,2022-07-13 06:56:31
729,256,69,1,481.86,471.64,20.19,9.97,2023-03-26,In-Store,Bank Transfer,2020-10-17 07:40:34
730,277,70,6,105.1,626.37,6.58,2.35,2022-07-11,In-Store,Bank Transfer,2022-10-10 06:51:34
731,171,51,7,284.65,1984.81,19.28,11.54,2021-08-08,Online,Cash,2021-12-07 08:57:43
732,817,45,9,113.11,1000.8,24.78,7.59,2022-08-01,Reseller,Cash,2021-09-29 19:44:34
733,967,51,8,38.21,296.96,26.87,18.15,2021-09-28,In-Store,PayPal,2021-10-26 19:58:38
734,84,7,3,347.07,1041.66,19.13,19.58,2023-12-28,In-Store,PayPal,2024-02-13 02:25:03
735,494,81,8,388.45,3083.02,35.83,11.25,2022-09-07,In-Store,Bank Transfer,2021-12-10 16:10:31
736,67,38,3,210.29,589.8,45.62,4.55,2023-12-04,In-Store,Bank Transfer,2022-05-19 23:12:32
737,397,73,3,231.98,683.2,26.65,13.91,2024-03-14,Reseller,PayPal,2023-08-27 09:56:20
738,85,61,4,127.42,482.83,33.26,6.41,2021-06-30,In-Store,PayPal,2020-08-05 13:08:02
739,224,14,4,185.63,733.78,13.49,4.75,2023-05-10,Reseller,Bank Transfer,2021-05-28 05:36:27
740,199,34,9,264.2,2380.53,12.27,15.0,2022-09-15,Online,Credit Card,2020-05-27 22:50:45
741,809,16,7,433.22,3023.23,17.26,7.95,2022-08-06,In-Store,Bank Transfer,2022-05-31 16:06:45
742,850,81,10,93.97,907.78,47.37,15.45,2020-12-29,Online,Bank Transfer,2021-12-15 20:26:55
743,601,60,8,179.19,1424.69,17.79,8.96,2020-08-08,Reseller,Cash,2023-11-03 15:58:48
744,600,86,2,248.25,486.01,17.08,6.59,2021-03-11,In-Store,Credit Card,2021-06-30 07:00:47
745,263,60,6,83.43,473.08,44.75,17.25,2021-03-26,Reseller,Cash,2023-07-27 22:59:44
746,372,79,9,24.93,190.5,43.45,9.58,2020-03-01,Online,Credit Card,2021-10-21 23:36:09
747,554,21,4,224.53,884.21,22.0,8.09,2022-09-09,Reseller,Cash,2022-06-25 10:21:55
748,428,12,1,274.37,260.75,26.31,12.69,2022-08-26,In-Store,Credit Card,2023-03-07 00:26:57
749,41,97,7,200.18,1372.67,30.88,2.29,2022-09-19,In-Store,Bank Transfer,2021-10-20 22:00:44
750,564,44,2,70.88,144.6,10.75,13.59,2022-03-26,Reseller,Credit Card,2023-11-06 19:07:10
751,259,39,2,419.71,842.04,7.79,10.41,2022-06-13,Reseller,Bank Transfer,2020-09-03 20:48:55
752,831,53,2,149.74,291.72,15.83,8.07,2021-06-02,Online,Credit Card,2022-01-27 18:00:27
753,174,41,1,167.88,137.5,34.93,4.55,2020-07-26,Online,Credit Card,2023-11-13 05:42:30
754,31,70,3,298.27,894.53,8.16,7.88,2023-09-10,In-Store,Bank Transfer,2020-04-27 16:10:55
755,373,83,2,165.12,293.7,41.26,4.72,2023-09-24,Online,Cash,2021-01-30 16:20:16
756,601,20,3,157.22,426.32,47.79,2.45,2020-11-02,In-Store,Credit Card,2020-07-13 12:07:25
757,417,50,7,268.21,1881.54,8.28,12.35,2020-08-01,In-Store,Bank Transfer,2023-10-30 04:07:40
758,400,56,9,433.91,3880.0,34.24,9.05,2023-07-17,Reseller,Cash,2020-03-24 11:06:16
759,733,21,6,230.82,1378.84,16.87,10.79,2020-05-11,Online,Credit Card,2024-04-16 19:37:24
760,966,84,7,168.04,1171.82,15.32,10.86,2021-08-31,Reseller,Cash,2024-02-02 21:48:54
761,95,86,2,28.76,40.87,17.63,0.98,2024-02-24,In-Store,Credit Card,2020-01-12 05:30:37
762,580,64,8,383.47,3083.55,2.95,18.74,2023-10-26,Online,Cash,2023-11-07 11:57:54
763,646,82,2,196.51,373.17,39.48,19.63,2022-01-15,In-Store,PayPal,2023-10-31 17:46:25
764,547,2,10,371.71,3725.82,1.59,10.31,2021-04-29,In-Store,Credit Card,2022-09-17 19:43:21
765,266,44,6,461.7,2766.06,16.23,12.09,2023-12-05,Online,Cash,2020-11-27 09:44:47
766,291,40,2,132.02,252.07,28.54,16.57,2022-11-06,In-Store,PayPal,2020-03-12 19:44:13
767,922,37,1,250.98,239.1,21.86,9.98,2022-10-14,Online,Bank Transfer,2023-05-12 11:18:34
768,177,32,6,8.22,38.25,17.06,5.99,2021-01-16,Online,Cash,2020-03-03 09:50:53
769,516,18,2,338.32,668.63,12.52,4.51,2024-05-04,Online,PayPal,2024-04-21 21:07:19
770,57,36,1,165.08,174.8,5.72,15.44,2024-04-17,Online,PayPal,2023-11-09 20:23:44
771,135,47,9,14.31,117.82,13.02,2.05,2020-11-20,Online,PayPal,2020-07-23 13:19:32
772,226,13,2,74.63,113.18,41.97,5.89,2021-09-07,Reseller,Bank Transfer,2022-11-26 19:38:51
773,256,29,9,489.92,4420.29,0.57,11.58,2021-07-16,Reseller,Bank Transfer,2020-05-08 11:15:52
774,911,55,10,275.75,2769.39,7.87,19.76,2021-10-27,In-Store,PayPal,2022-04-19 22:48:21
775,225,40,2,17.49,2.3,42.77,10.09,2021-08-28,In-Store,Bank Transfer,2020-07-21 04:42:53
776,850,37,4,303.51,1204.8,19.64,10.4,2021-03-22,Reseller,Credit Card,2023-12-07 12:13:05
777,959,67,7,166.06,1144.81,36.97,19.36,2024-03-14,Online,Bank Transfer,2021-09-09 06:31:27
778,451,48,9,212.57,1894.49,25.09,6.45,2022-05-16,Reseller,Cash,2022-02-09 12:34:13
779,790,23,5,439.76,2170.23,38.75,10.18,2022-04-25,In-Store,Credit Card,2023-04-09 05:34:55
780,343,48,3,45.46,128.82,16.08,8.52,2022-06-04,Reseller,Bank Transfer,2022-09-14 14:34:05
781,931,33,5,365.76,1823.95,20.0,15.15,2022-04-25,In-Store,Cash,2023-05-03 19:36:28
782,303,41,3,11.76,4.03,44.64,13.39,2022-10-15,Online,Credit Card,2024-04-14 23:16:40
783,927,63,7,424.73,2943.83,31.29,2.01,2023-09-10,Reseller,PayPal,2021-10-09 22:01:08
784,966,27,3,315.75,950.49,0.38,3.62,2023-12-16,Online,PayPal,2024-02-16 08:39:42
785,908,26,5,313.91,1551.67,34.29,16.41,2024-04-24,Reseller,Credit Card,2022-04-27 04:04:45
786,485,8,10,368.7,3651.59,48.43,13.02,2021-02-07,Online,Bank Transfer,2020-10-20 02:19:48
787,585,49,7,126.94,857.62,31.46,0.5,2020-12-19,In-Store,Credit Card,2022-11-30 09:52:07
788,856,23,9,212.46,1878.87,34.57,1.3,2021-07-10,In-Store,Cash,2022-02-03 12:20:03
789,866,88,4,479.19,1914.91,4.31,2.46,2021-05-03,Reseller,Credit Card,2022-02-20 04:58:13
790,245,29,7,396.92,2768.94,26.15,16.65,2020-10-05,Reseller,Cash,2023-01-08 08:31:26
791,877,43,3,131.48,396.41,16.12,18.09,2023-02-01,In-Store,Credit Card,2020-04-04 21:58:47
792,279,62,10,223.03,2226.78,6.07,2.55,2020-11-11,In-Store,PayPal,2020-06-10 09:00:37
793,755,41,7,113.58,768.71,45.66,19.31,2021-08-17,In-Store,PayPal,2024-05-20 11:36:04
794,873,71,7,24.1,159.39,20.07,10.76,2021-11-28,Online,Bank Transfer,2021-11-12 05:03:08
795,497,99,8,336.05,2660.45,32.81,4.86,2021-09-26,In-Store,Cash,2021-08-17 17:35:27
796,459,2,2,200.65,367.03,47.51,13.24,2024-03-31,Online,Cash,2022-10-01 02:10:28
797,854,87,3,363.17,1073.62,23.86,7.97,2023-11-02,Reseller,Bank Transfer,2022-06-09 18:14:55
798,266,99,3,255.99,731.49,44.19,7.71,2023-06-27,In-Store,Cash,2022-05-24 08:56:17
799,137,73,8,205.84,1663.67,1.07,18.02,2023-01-17,Reseller,PayPal,2023-05-15 08:11:44
800,373,29,10,281.64,2800.45,24.19,8.24,2021-08-14,In-Store,Credit Card,2023-02-01 16:32:51
801,378,69,10,467.92,4675.12,8.52,4.44,2023-10-16,Online,PayPal,2022-05-29 03:11:05
802,187,13,5,273.65,1360.59,10.63,2.97,2023-07-24,Online,Cash,2020-04-27 17:39:52
803,783,76,4,243.92,933.24,46.57,4.13,2021-07-21,In-Store,PayPal,2020-10-16 06:59:36
804,407,97,2,205.08,419.56,9.51,18.91,2020-09-03,Reseller,Bank Transfer,2023-05-13 00:38:19
805,740,10,1,276.61,251.19,40.57,15.15,2020-08-01,Online,Cash,2020-01-22 20:18:27
806,360,23,5,141.64,708.74,1.28,1.82,2020-02-25,Reseller,Cash,2022-01-14 21:02:41
807,228,60,6,265.1,1574.96,22.2,6.56,2024-05-31,Online,Bank Transfer,2021-06-01 16:55:52
808,795,59,7,231.99,1590.3,41.63,8.0,2023-06-14,Online,Credit Card,2022-11-15 14:09:10
809,420,17,2,145.39,249.59,42.41,1.22,2024-01-15,In-Store,Cash,2022-03-15 08:10:47
810,79,5,7,51.35,330.36,31.12,2.03,2024-03-08,Reseller,Bank Transfer,2021-11-29 02:01:01
811,493,100,3,89.2,237.24,34.52,4.16,2023-07-16,Reseller,Bank Transfer,2020-11-23 04:20:45
812,388,61,1,346.54,352.04,13.4,18.9,2020-09-07,Reseller,Bank Transfer,2020-12-02 13:20:53
813,963,82,3,21.67,53.92,27.16,16.07,2023-06-21,In-Store,PayPal,2020-07-03 02:37:21
814,494,67,5,243.23,1190.01,27.59,1.45,2020-10-04,Reseller,PayPal,2020-07-31 18:04:41
815,518,45,2,56.86,96.54,18.96,1.78,2021-02-25,Online,Cash,2022-11-16 19:29:50
816,79,52,2,209.48,417.52,13.45,12.01,2024-06-18,In-Store,PayPal,2021-12-08 19:21:01
817,279,65,6,344.31,2048.3,26.51,8.95,2021-02-03,In-Store,Cash,2023-09-02 08:24:20
818,554,59,3,95.83,294.02,3.07,9.6,2023-08-01,Reseller,PayPal,2020-09-07 23:32:00
819,852,29,10,80.32,781.1,25.04,2.94,2022-07-31,Online,Bank Transfer,2022-09-29 09:10:16
820,597,10,1,116.37,123.15,4.44,11.22,2023-10-29,Reseller,Credit Card,2020-08-06 18:12:59
821,200,61,3,288.43,853.57,18.02,6.3,2023-10-20,Online,Cash,2022-02-09 16:27:24
822,228,24,8,149.09,1183.01,16.5,6.79,2021-09-20,Online,Bank Transfer,2023-06-28 19:30:33
823,930,95,10,395.18,3950.13,16.94,15.27,2022-11-28,Reseller,Bank Transfer,2024-05-04 05:35:38
824,519,60,4,367.12,1464.19,12.6,8.31,2023-04-27,In-Store,PayPal,2024-03-02 19:25:48
825,259,59,6,131.81,765.66,28.38,3.18,2020-05-12,Reseller,Credit Card,2023-06-10 02:22:53
826,383,99,2,344.91,675.05,32.64,17.87,2021-07-21,Online,Bank Transfer,2020-09-22 19:32:53
827,138,73,3,378.99,1103.37,38.55,4.95,2022-10-19,Online,PayPal,2022-10-10 21:37:59
828,987,67,6,338.97,2040.98,1.02,8.18,2024-04-18,Reseller,PayPal,2023-12-17 14:54:30
829,824,91,10,432.88,4304.51,30.87,6.58,2024-05-19,In-Store,PayPal,2023-04-26 21:44:47
830,619,2,10,53.76,498.23,41.14,1.77,2020-11-09,Reseller,Credit Card,2020-07-11 11:11:32
831,572,25,3,472.29,1393.45,23.85,0.43,2021-07-27,Reseller,Credit Card,2022-10-14 19:33:34
832,773,27,6,319.37,1873.76,46.32,3.86,2024-05-17,Reseller,PayPal,2023-01-06 09:23:11
833,244,55,4,405.73,1595.0,30.41,2.49,2020-07-17,Online,Credit Card,2023-04-17 02:16:51
834,202,1,2,196.8,365.65,34.01,6.06,2021-10-27,Online,PayPal,2023-04-04 15:47:30
835,675,70,9,46.61,428.9,2.96,12.37,2023-01-13,Reseller,PayPal,2023-10-06 10:29:00
836,912,60,4,124.43,503.67,13.8,19.75,2024-02-23,Online,Credit Card,2022-09-27 08:40:52
837,553,41,10,31.96,326.71,1.77,8.88,2023-04-03,Online,Cash,2020-04-03 21:00:15
838,963,60,2,197.29,357.67,40.89,3.98,2020-03-31,Reseller,Bank Transfer,2023-02-13 05:52:13
839,705,21,10,273.64,2729.98,13.12,6.7,2023-09-18,Reseller,Credit Card,2021-05-11 14:00:21
840,236,2,3,155.28,471.92,9.13,15.21,2021-12-14,In-Store,Cash,2022-01-04 13:54:19
841,138,40,1,135.76,119.98,22.72,6.94,2021-07-15,In-Store,Bank Transfer,2023-07-05 13:28:35
842,181,82,2,136.95,236.79,46.97,9.86,2022-01-13,Reseller,Credit Card,2022-06-02 03:03:45
843,237,93,7,349.97,2453.73,11.54,15.48,2023-11-22,Reseller,PayPal,2023-01-25 01:00:24
844,449,99,5,415.35,2055.36,38.14,16.75,2023-02-18,In-Store,Cash,2020-04-18 23:01:11
845,254,76,8,476.95,3771.58,49.49,5.47,2021-05-09,Online,PayPal,2023-09-08 23:38:05
846,937,42,8,290.57,2312.66,30.37,18.47,2023-01-10,Online,Bank Transfer,2023-02-22 15:17:54
847,784,46,6,173.09,1003.53,46.13,11.12,2024-03-14,Online,Bank Transfer,2022-06-12 22:46:18
848,979,6,7,167.01,1152.94,24.98,8.85,2024-03-27,Reseller,Cash,2023-10-11 16:59:52
849,259,14,2,217.91,414.72,21.43,0.33,2023-08-04,Reseller,PayPal,2023-08-20 02:24:42
850,437,68,9,441.74,3956.47,38.71,19.52,2020-07-19,In-Store,Credit Card,2022-04-12 15:07:19
851,198,94,9,212.54,1896.07,25.08,8.29,2023-01-06,Online,Cash,2022-11-28 03:35:52
852,802,40,4,49.82,191.45,17.17,9.34,2020-07-07,Online,Cash,2020-10-18 15:21:45
853,553,8,1,29.32,14.67,19.54,4.89,2022-08-16,Online,Credit Card,2023-01-26 22:13:18
854,955,24,1,320.46,310.65,21.93,12.12,2023-03-09,Reseller,Cash,2021-08-13 19:16:17
855,587,93,7,104.11,704.1,29.86,5.19,2021-02-07,In-Store,PayPal,2022-01-04 20:23:10
856,165,46,6,413.99,2445.59,41.87,3.52,2023-04-19,Reseller,Cash,2022-05-09 18:25:25
857,592,35,2,160.79,325.6,3.91,7.93,2020-09-08,Reseller,Credit Card,2024-02-16 09:04:22
858,463,42,6,107.95,612.13,42.13,6.56,2020-09-29,Online,PayPal,2023-06-10 03:44:21
859,928,24,1,275.8,274.51,16.28,14.99,2023-11-30,In-Store,Cash,2023-11-17 07:50:26
860,377,49,4,12.19,43.6,14.32,9.16,2024-05-24,Reseller,PayPal,2023-08-03 19:58:42
861,259,75,6,240.82,1402.52,48.96,6.56,2021-09-30,Online,Bank Transfer,2023-06-08 21:57:52
862,140,28,1,440.06,449.38,3.56,12.88,2024-03-17,Online,Credit Card,2020-02-20 19:54:54
863,899,96,1,238.11,238.26,17.96,18.11,2024-03-24,Reseller,Cash,2021-04-09 19:33:43
864,709,47,1,15.3,20.99,12.59,18.28,2024-05-29,In-Store,Bank Transfer,2023-01-02 08:25:13
865,857,53,8,497.6,3986.36,10.16,15.72,2024-05-26,Reseller,PayPal,2021-08-13 08:50:55
866,147,6,2,353.43,694.1,24.19,11.43,2023-12-01,Online,Cash,2020-02-28 12:52:25
867,614,30,6,111.71,641.3,44.94,15.98,2023-02-16,Reseller,Bank Transfer,2024-05-28 14:05:15
868,910,68,3,140.57,430.37,1.51,10.17,2020-06-06,Online,PayPal,2021-03-12 05:12:21
869,60,29,2,91.25,185.43,12.91,15.84,2021-08-06,In-Store,PayPal,2021-05-08 19:33:48
870,152,7,3,113.99,356.12,4.21,18.36,2021-02-27,In-Store,Bank Transfer,2022-12-29 00:51:33
871,58,72,4,419.03,1660.32,27.63,11.83,2021-11-02,Reseller,Bank Transfer,2020-03-03 11:59:45
872,978,88,10,10.31,63.7,42.58,3.18,2020-04-13,Online,Cash,2021-07-27 22:42:55
873,323,93,1,89.46,84.05,8.64,3.23,2022-03-12,Reseller,Bank Transfer,2022-11-24 01:30:29
874,1000,48,2,195.05,361.73,36.69,8.32,2022-12-23,In-Store,Credit Card,2022-06-30 03:40:35
875,345,20,5,172.65,855.08,20.69,12.52,2020-06-03,Online,PayPal,2024-02-28 05:12:11
876,494,73,3,46.62,108.19,42.82,11.15,2020-04-18,In-Store,PayPal,2023-12-17 04:50:15
877,316,92,6,70.94,393.16,48.93,16.45,2020-08-21,Reseller,Credit Card,2024-02-10 01:53:11
878,299,73,7,213.51,1460.9,46.54,12.87,2022-07-21,Reseller,Bank Transfer,2022-09-10 07:37:25
879,697,30,8,443.01,3547.9,3.59,7.41,2023-12-17,Reseller,PayPal,2021-01-25 14:13:19
880,643,21,5,482.21,2372.02,43.49,4.46,2023-08-30,Reseller,Credit Card,2021-03-06 07:41:35
881,348,73,2,385.04,726.8,46.95,3.67,2020-01-11,Reseller,Credit Card,2020-08-05 16:43:43
882,936,28,5,66.3,308.01,27.07,3.58,2022-07-14,In-Store,Cash,2020-12-05 19:20:52
883,110,52,6,342.66,2027.94,35.76,7.74,2020-09-12,Reseller,Cash,2023-02-13 23:17:52
884,297,85,2,123.73,202.71,49.94,5.19,2022-01-14,Reseller,Cash,2021-07-10 10:39:19
885,306,40,3,275.63,782.16,47.49,2.76,2020-10-31,Reseller,Bank Transfer,2023-06-20 05:45:24
886,931,10,6,73.78,440.36,8.56,6.24,2021-04-22,Reseller,Cash,2023-10-01 12:12:32
887,981,51,6,480.86,2894.12,5.93,14.89,2023-12-28,Online,Cash,2020-04-21 19:14:58
888,649,36,2,457.98,923.12,12.76,19.92,2024-04-13,Reseller,Cash,2024-06-13 23:16:08
889,253,92,4,368.94,1480.98,4.32,9.54,2022-10-08,Reseller,PayPal,2024-04-21 06:06:01
890,305,79,5,480.46,2383.58,30.04,11.32,2023-10-11,Online,Cash,2020-06-17 10:57:15
891,225,27,10,341.44,3411.98,20.32,17.9,2021-05-17,Online,PayPal,2020-04-07 08:51:11
892,538,2,5,157.45,761.63,40.2,14.58,2023-10-08,In-Store,PayPal,2020-01-12 21:28:36
893,65,85,6,406.64,2432.66,21.46,14.28,2020-06-03,Online,Cash,2022-02-21 18:16:43
894,252,13,8,314.38,2522.39,2.88,10.23,2022-04-21,In-Store,Credit Card,2020-05-04 16:10:22
895,105,72,6,487.32,2894.28,38.02,8.38,2020-11-10,In-Store,Credit Card,2021-12-23 05:00:54
896,606,1,7,197.72,1361.09,37.65,14.7,2020-02-16,In-Store,Cash,2022-07-18 18:22:50
897,113,47,4,220.71,894.29,6.14,17.59,2022-06-07,Online,Bank Transfer,2022-09-05 07:23:22
898,812,31,2,78.47,112.95,45.49,1.5,2021-03-16,Online,PayPal,2020-05-08 14:54:31
899,871,24,5,496.11,2468.35,21.04,8.84,2024-05-17,In-Store,PayPal,2022-05-09 16:02:21
900,235,68,8,7.33,23.04,49.83,14.23,2020-09-04,Online,PayPal,2023-12-24 07:39:49
901,85,14,10,295.48,2939.21,30.23,14.64,2022-03-06,Online,Credit Card,2020-10-10 12:58:43
902,323,68,2,405.78,817.08,8.0,13.52,2021-08-28,Online,Bank Transfer,2023-12-28 13:27:04
903,548,79,9,493.0,4412.4,28.02,3.42,2022-11-27,In-Store,Cash,2020-09-22 12:41:13
904,961,35,4,139.54,535.24,37.3,14.38,2022-12-12,Online,PayPal,2022-08-12 11:52:39
905,731,97,7,227.91,1602.42,5.3,12.35,2022-10-23,In-Store,PayPal,2023-05-14 22:41:43
906,103,74,1,292.64,255.05,46.64,9.05,2023-03-27,Reseller,PayPal,2022-08-15 15:18:29
907,164,31,4,435.2,1720.65,27.79,7.64,2023-02-13,In-Store,PayPal,2020-12-30 21:23:22
908,984,20,4,173.4,686.32,20.25,12.97,2020-12-23,In-Store,PayPal,2023-11-24 10:37:07
909,373,65,8,116.55,909.02,27.27,3.89,2020-11-16,Reseller,Cash,2021-09-12 00:53:20
910,687,93,8,482.03,3823.75,39.99,7.5,2024-03-23,Reseller,PayPal,2023-03-06 02:48:26
911,122,54,10,400.57,3994.89,13.61,2.8,2023-12-08,Online,PayPal,2023-10-19 04:44:00
912,81,22,4,484.67,1922.92,16.72,0.96,2024-04-16,Online,PayPal,2021-07-12 21:55:49
913,803,31,6,131.91,790.42,12.39,11.35,2023-04-10,Reseller,PayPal,2023-11-24 12:40:27
914,537,26,6,29.54,181.88,12.58,17.22,2023-05-13,Reseller,Bank Transfer,2021-11-18 05:50:13
915,257,26,3,434.57,1296.33,23.23,15.85,2020-08-30,Reseller,Cash,2021-04-01 04:16:06
916,967,23,8,403.48,3237.71,1.89,11.76,2024-05-02,Online,Cash,2021-06-04 09:21:25
917,715,76,2,362.52,692.02,48.36,15.34,2022-04-30,Online,Cash,2021-02-12 21:07:16
918,729,61,3,182.46,504.69,49.95,7.26,2022-01-04,Reseller,Cash,2021-06-12 12:02:01
919,985,86,9,183.29,1635.34,24.19,9.92,2024-05-27,Online,Cash,2020-11-21 16:20:20
920,893,100,3,273.58,803.96,18.77,1.99,2024-02-07,Online,Credit Card,2023-04-14 00:17:16
921,693,28,9,80.01,722.17,9.28,11.36,2021-04-17,Online,PayPal,2022-05-09 08:32:09
922,202,18,2,302.51,598.17,8.64,1.79,2021-06-29,In-Store,PayPal,2022-01-22 02:03:04
923,162,88,2,108.96,191.58,44.64,18.3,2020-05-09,Online,PayPal,2024-04-11 01:07:23
924,721,99,6,170.86,988.7,45.66,9.2,2023-12-04,In-Store,Cash,2024-04-05 17:41:43
925,91,57,4,86.13,338.89,8.94,3.31,2021-01-29,Online,Credit Card,2023-12-07 12:38:09
926,821,30,7,486.76,3369.55,48.86,11.09,2021-12-17,In-Store,Cash,2023-01-21 19:04:29
927,538,51,6,335.86,2009.8,18.9,13.54,2023-10-23,Reseller,PayPal,2022-11-01 09:15:39
928,506,12,4,415.25,1617.83,49.01,5.84,2020-11-16,Reseller,PayPal,2020-04-19 08:10:02
929,74,7,3,323.11,949.92,27.81,8.4,2022-08-28,In-Store,Cash,2021-08-05 08:08:53
930,114,29,6,224.21,1331.57,33.47,19.78,2023-11-23,Online,Credit Card,2022-08-20 18:39:17
931,239,68,9,178.26,1588.89,23.74,8.29,2023-08-24,Reseller,Credit Card,2020-04-16 11:46:56
932,553,3,5,380.92,1909.61,5.76,10.77,2024-02-24,Online,Credit Card,2022-11-18 12:54:13
933,124,6,6,120.94,722.39,19.51,16.26,2023-07-27,In-Store,Credit Card,2022-12-16 16:48:44
934,607,53,1,42.42,8.22,48.91,14.71,2021-10-21,Reseller,Bank Transfer,2021-03-30 09:41:34
935,594,5,4,257.56,1000.52,30.95,1.23,2020-07-03,In-Store,Cash,2022-06-01 10:06:22
936,67,68,8,239.98,1898.5,28.43,7.09,2020-09-19,Reseller,Bank Transfer,2020-08-11 13:46:21
937,812,84,10,376.02,3732.42,45.85,18.07,2020-01-16,Online,PayPal,2021-01-21 18:55:25
938,544,92,8,446.48,3572.91,7.5,8.57,2023-01-01,In-Store,Bank Transfer,2021-10-16 21:01:07
939,276,70,7,200.46,1388.5,27.01,12.29,2021-07-23,Online,Credit Card,2020-12-28 18:30:29
940,645,16,10,230.07,2282.06,19.51,0.87,2022-06-27,In-Store,Cash,2022-11-25 23:12:36
941,937,74,1,19.01,-4.87,24.86,0.98,2021-02-02,Reseller,Bank Transfer,2023-12-06 00:53:51
942,318,46,5,219.3,1061.67,42.08,7.25,2022-07-17,Reseller,Bank Transfer,2022-10-24 08:43:32
943,267,23,6,30.78,177.7,11.23,4.25,2024-02-07,Online,Bank Transfer,2023-04-09 08:25:49
944,936,47,2,205.3,380.4,31.26,1.06,2022-02-09,Reseller,Bank Transfer,2021-04-30 07:44:10
945,594,27,2,272.91,496.0,49.91,0.09,2023-03-06,Online,Bank Transfer,2020-11-13 07:07:36
946,581,4,5,239.66,1170.25,46.84,18.79,2023-12-08,Online,Bank Transfer,2020-03-30 19:55:30
947,143,71,5,356.71,1766.39,29.63,12.47,2024-04-14,Reseller,Bank Transfer,2024-01-04 22:29:01
948,239,43,8,234.1,1871.86,12.24,11.3,2021-02-23,Online,Cash,2022-12-24 08:14:24
949,976,37,3,48.72,110.87,36.35,1.06,2021-01-19,In-Store,Cash,2022-10-25 00:27:07
950,258,86,7,197.51,1381.97,13.19,12.59,2020-11-12,In-Store,Cash,2023-08-12 20:51:30
951,673,87,8,483.07,3842.59,33.05,11.08,2021-03-24,Online,PayPal,2024-03-17 16:15:33
952,859,20,5,436.04,2157.57,23.48,0.85,2023-11-25,In-Store,PayPal,2023-08-01 12:41:19
953,538,36,8,455.23,3607.05,35.92,1.13,2020-04-21,Online,Bank Transfer,2022-02-11 16:34:28
954,676,65,8,48.57,373.16,28.52,13.12,2021-06-23,Reseller,Cash,2021-06-30 04:22:19
955,423,64,10,318.62,3171.62,26.09,11.51,2021-07-05,In-Store,Bank Transfer,2023-03-06 04:05:50
956,504,6,4,408.72,1624.81,21.95,11.88,2023-06-24,In-Store,Credit Card,2021-02-21 20:35:02
957,307,8,4,495.17,1981.21,0.29,0.82,2021-02-18,In-Store,Cash,2022-08-19 08:25:02
958,849,86,8,464.86,3696.45,41.78,19.35,2023-12-10,In-Store,PayPal,2021-12-09 08:24:56
959,158,49,3,327.84,979.42,21.59,17.49,2023-03-30,In-Store,Bank Transfer,2024-05-13 03:54:43
960,662,71,10,163.99,1638.34,21.32,19.76,2021-06-04,Online,Credit Card,2023-06-05 02:16:36
961,197,88,7,62.52,442.1,0.73,5.19,2021-12-08,Online,Bank Transfer,2020-01-02 18:24:38
962,134,77,1,221.28,194.78,45.85,19.35,2023-12-15,Reseller,Credit Card,2021-05-09 02:55:53
963,126,15,6,358.95,2142.41,28.52,17.23,2021-02-27,In-Store,Bank Transfer,2024-03-14 13:34:54
964,795,35,7,460.24,3203.18,22.97,4.47,2020-04-20,Online,PayPal,2022-10-21 21:50:51
965,811,20,4,97.66,354.81,38.25,2.42,2021-01-26,Online,Credit Card,2022-10-28 01:55:00
966,424,34,2,54.72,81.46,47.55,19.57,2020-11-21,In-Store,PayPal,2022-04-25 00:56:52
967,156,21,3,238.99,701.76,25.97,10.76,2020-01-21,In-Store,PayPal,2021-08-22 22:31:54
968,751,3,4,167.34,653.3,27.87,11.81,2023-01-27,Reseller,Bank Transfer,2022-05-10 07:30:44
969,486,15,1,158.87,167.02,5.72,13.87,2020-09-29,Online,Credit Card,2020-06-24 15:08:15
970,690,67,2,177.47,352.53,18.06,15.65,2023-08-30,In-Store,PayPal,2022-07-24 18:51:53
971,98,56,3,40.45,132.87,5.02,16.54,2022-11-01,Reseller,PayPal,2024-04-23 10:23:11
972,864,44,3,58.64,152.16,38.13,14.37,2020-10-21,In-Store,Cash,2022-12-14 14:20:17
973,235,88,2,63.74,126.38,6.15,5.05,2023-10-23,In-Store,PayPal,2021-10-15 14:33:35
974,840,33,2,235.87,436.1,46.94,11.3,2022-11-14,Reseller,Cash,2020-08-18 09:14:49
975,101,49,9,417.01,3766.07,3.72,16.7,2023-12-19,Online,Bank Transfer,2021-01-30 05:41:04
976,604,9,9,59.96,514.69,41.49,16.54,2022-01-31,In-Store,Credit Card,2022-04-26 14:58:54
977,535,82,1,277.47,262.98,22.47,7.98,2023-11-03,In-Store,Bank Transfer,2020-07-19 10:03:06
978,555,50,4,247.27,950.85,48.9,10.67,2024-05-28,Online,Cash,2022-03-26 07:37:08
979,589,62,8,257.85,2069.1,1.58,7.88,2022-03-24,Online,Cash,2022-07-24 18:49:14
980,373,29,8,262.72,2078.87,26.43,3.54,2023-09-09,Reseller,Bank Transfer,2023-03-12 18:35:45
981,743,17,3,88.07,227.89,37.77,1.45,2022-03-09,Reseller,PayPal,2022-03-17 02:58:54
982,533,87,2,325.36,616.98,49.41,15.67,2022-04-19,Reseller,Cash,2022-05-13 13:17:00
983,902,61,2,67.06,143.85,6.11,15.84,2023-07-17,Reseller,Credit Card,2022-05-12 11:10:08
984,717,71,3,321.06,956.39,23.27,16.48,2020-04-06,In-Store,PayPal,2024-01-20 21:15:26
985,241,100,4,335.63,1313.03,38.14,8.65,2022-01-27,Online,Bank Transfer,2023-04-09 02:52:29
986,494,42,4,289.83,1164.97,3.17,8.82,2023-02-23,Online,Cash,2022-05-24 13:16:53
987,849,46,1,344.32,333.87,25.53,15.08,2023-07-25,Reseller,Bank Transfer,2020-02-25 09:57:17
988,254,10,10,173.82,1712.78,38.56,13.14,2021-09-09,Online,PayPal,2023-08-14 23:39:40
989,750,70,10,357.93,3578.87,0.99,0.56,2021-02-21,In-Store,Credit Card,2022-03-26 07:39:07
990,191,87,9,46.75,397.26,39.77,16.28,2021-04-14,In-Store,Bank Transfer,2024-02-14 20:15:35
991,927,46,6,311.73,1838.04,47.35,15.01,2024-06-19,Online,Cash,2023-10-07 13:20:24
992,541,77,1,403.68,381.65,34.01,11.98,2021-05-16,Reseller,Cash,2020-11-28 10:57:09
993,869,21,1,78.23,55.08,39.31,16.16,2022-01-31,Online,Bank Transfer,2021-11-29 15:18:50
994,242,63,3,278.91,840.48,10.36,14.11,2021-10-25,In-Store,PayPal,2023-07-13 17:57:18
995,731,93,1,204.64,187.23,31.56,14.15,2023-02-17,Online,Cash,2020-10-06 05:10:01
996,523,50,8,118.79,935.93,17.84,3.45,2023-09-30,In-Store,Credit Card,2020-09-23 06:05:43
997,797,47,1,191.1,167.7,29.63,6.23,2023-02-09,In-Store,Cash,2022-06-19 06:12:04
998,951,92,7,70.37,495.75,14.5,17.66,2023-10-07,Online,Bank Transfer,2020-06-13 09:00:49
999,365,27,2,422.84,848.62,9.59,12.53,2022-08-06,In-Store,Credit Card,2022-01-17 12:45:04
1000,521,23,9,245.15,2171.16,49.82,14.63,2021-12-02,Online,Cash,2021-03-05 00:47:22
